paper_no,table_id,analyte,unit,population,platform,sex,age,n,lower,upper,lower_ci,upper_ci,ci_level,flag
19,T1,Creatinine,mg/dl,"Iran, 0–<30 months",Alpha classic-AT plus (Pars Azmoun kits),both,0–<5 months,57,0.22,0.44,0.20–0.24,0.42–0.46,90%,
19,T1,Creatinine,mg/dl,"Iran, 0–<30 months",Alpha classic-AT plus (Pars Azmoun kits),both,5–<30 months,248,0.27,0.57,0.26–0.28,0.55–0.63,90%,
19,T1,Urea,mg/dl,"Iran, 0–<30 months",Alpha classic-AT plus (Pars Azmoun kits),both,0–<5 months,59,6.20,25.62,5.11–7.37,23.15–27.78,90%,
19,T1,Urea,mg/dl,"Iran, 0–<30 months",Alpha classic-AT plus (Pars Azmoun kits),both,5–<10 months,48,6.94,38.12,5.71–8.36,34.08–42.71,90%,
19,T1,Urea,mg/dl,"Iran, 0–<30 months",Alpha classic-AT plus (Pars Azmoun kits),both,10–<30 months,204,9.03,46.43,6.77–9.96,43.87–50.43,90%,
19,T1,Uric acid,mg/dl,"Iran, 0–<30 months",Alpha classic-AT plus (Pars Azmoun kits),both,0–<5 months,58,2.66,10.17,2.41–2.95,9.32–11.16,90%,
19,T1,Uric acid,mg/dl,"Iran, 0–<30 months",Alpha classic-AT plus (Pars Azmoun kits),both,5–<30 months,257,2.30,8.20,2.10–2.40,7.50–9.80,90%,
19,T1,Calcium,mg/dl,"Iran, 0–<30 months",Alpha classic-AT plus (Pars Azmoun kits),both,0–<30 months,290,9.90,11.84,9.90–9.90,11.79–12.09,90%,
19,T1,Phosphate,mg/dl,"Iran, 0–<30 months",Alpha classic-AT plus (Pars Azmoun kits),both,0–<5 months,60,4.87,10.43,4.62–5.15,9.72–11.12,90%,
19,T1,Phosphate,mg/dl,"Iran, 0–<30 months",Alpha classic-AT plus (Pars Azmoun kits),both,5–<10 months,44,4.48,10.27,4.23–4.73,9.50–11.24,90%,
19,T1,Phosphate,mg/dl,"Iran, 0–<30 months",Alpha classic-AT plus (Pars Azmoun kits),both,10–<15 months,72,4.60,9.75,4.45–4.74,8.94–10.63,90%,
19,T1,Phosphate,mg/dl,"Iran, 0–<30 months",Alpha classic-AT plus (Pars Azmoun kits),both,15–<30 months,129,4.26,7.87,3.86–4.31,7.32–8.45,90%,
19,T1,Vitamin D,ng/ml,"Iran, 0–<30 months",Alpha classic-AT plus (Pars Azmoun kits),both,0–<30 months,289,6.30,46.40,5.02–6.97,43.60–48.47,90%,
19,T1,hsCRP,mg/L,"Iran, 0–<30 months",Alpha classic-AT plus (Pars Azmoun kits),both,0–<30 months,298,0.06,0.26,–,0.18–0.31,90%,ci_lower_missing
6,T1,ALT,U/L,"Iran, 3 days–30 months",Alpha classic-AT plus (Biorex kits),both,0 to <5 m,62,4.49,22.90,3.58–5.44,21.10–24.87,CI(level not stated in table),
6,T1,ALT,U/L,"Iran, 3 days–30 months",Alpha classic-AT plus (Biorex kits),both,5 to <12 m,87,5.00,19.95,4.59–5.37,18.00–22.07,CI(level not stated in table),
6,T1,ALT,U/L,"Iran, 3 days–30 months",Alpha classic-AT plus (Biorex kits),both,12 to <30 m,161,5.20,13.38,5.20–5.20,11.56–14.76,CI(level not stated in table),
6,T1,AST,U/L,"Iran, 3 days–30 months",Alpha classic-AT plus (Biorex kits),both,0 to <30 m,313,14.47,35.00,13.50–14.70,33.60–36.60,CI(level not stated in table),
6,T1,ALP,U/L,"Iran, 3 days–30 months",Alpha classic-AT plus (Biorex kits),both,0 to <5 m,57,397.00,1154.66,345.33–445.50,1077.54–1186,CI(level not stated in table),
6,T1,ALP,U/L,"Iran, 3 days–30 months",Alpha classic-AT plus (Biorex kits),both,5 to <30 m,251,337.6,926.1,318.8–359.9,877.5–954.4,CI(level not stated in table),
6,T1,Direct bilirubin,mg/dL,"Iran, 3 days–30 months",Alpha classic-AT plus (Biorex kits),both,0 to <4 m,45,0.07,0.76,0.06–0.08,0.65–0.87,CI(level not stated in table),
6,T1,Direct bilirubin,mg/dL,"Iran, 3 days–30 months",Alpha classic-AT plus (Biorex kits),both,4 to <30 m,238,0.10,0.27,0.10–0.10,0.25–0.28,CI(level not stated in table),
6,T1,Total bilirubin,mg/dL,"Iran, 3 days–30 months",Alpha classic-AT plus (Biorex kits),both,0 to <5 m,60,0.66,8.04,0.45–0.88,7.05–8.97,CI(level not stated in table),
6,T1,Total bilirubin,mg/dL,"Iran, 3 days–30 months",Alpha classic-AT plus (Biorex kits),both,5 to <10 m,45,0.42,4.13,0.33–0.51,3.57–4.71,CI(level not stated in table),
6,T1,Total bilirubin,mg/dL,"Iran, 3 days–30 months",Alpha classic-AT plus (Biorex kits),both,10 to <30 m,179,0.36,1.77,0.34–0.39,1.67–1.86,CI(level not stated in table),
36,Tab2,HGB,g/L,"Canada (TARGet Kids!), 2–36 months",Sysmex XN-9000,F,Year 1,360,102.0,130.8,100.4–103.0,129.7–131.9,90%,
36,Tab2,HGB,g/L,"Canada (TARGet Kids!), 2–36 months",Sysmex XN-9000,M,Year 1,425,100.6,132.7,,131.6–133.8,90%,ci_unparsed:100.6 (99.5101.8)
36,Tab2,HGB,g/L,"Canada (TARGet Kids!), 2–36 months",Sysmex XN-9000,F,Month 1 – Month 6,62,102.0,130.8,99.2–105.0,128.2–133.5,90%,
36,Tab2,HGB,g/L,"Canada (TARGet Kids!), 2–36 months",Sysmex XN-9000,M,Month 1 – Month 6,82,100.7,131.2,98.2–103.1,128.8–133.6,90%,
36,Tab2,HGB,g/L,"Canada (TARGet Kids!), 2–36 months",Sysmex XN-9000,F,Month 7 – Month 12,298,101.0,130.8,100.2–103.0,129.6–132.0,90%,
36,Tab2,HGB,g/L,"Canada (TARGet Kids!), 2–36 months",Sysmex XN-9000,M,Month 7 – Month 12,343,100.6,133.1,99.4–101.9,131.8–134.3,90%,
36,Tab2,HGB,g/L,"Canada (TARGet Kids!), 2–36 months",Sysmex XN-9000,F,Year 2,441,104.0,134.3,102.6–105.0,133.3–135.4,90%,
36,Tab2,HGB,g/L,"Canada (TARGet Kids!), 2–36 months",Sysmex XN-9000,M,Year 2,503,103.0,132.0,100.0–105.0,131.0–133.0,90%,
36,Tab2,HGB,g/L,"Canada (TARGet Kids!), 2–36 months",Sysmex XN-9000,F,Month 13 – Month 18,248,103.0,134.4,101.1–104.0,133–135.9,90%,
36,Tab2,HGB,g/L,"Canada (TARGet Kids!), 2–36 months",Sysmex XN-9000,M,Month 13 – Month 18,292,102.3,132.0,101.0–103.6,131.0–133.0,90%,
36,Tab2,HGB,g/L,"Canada (TARGet Kids!), 2–36 months",Sysmex XN-9000,F,Month 19 – Month 24,193,105.0,134.1,103.7–107.0,132.6–135.6,90%,
36,Tab2,HGB,g/L,"Canada (TARGet Kids!), 2–36 months",Sysmex XN-9000,M,Month 19 – Month 24,211,105.5,132.5,104.5–106.8,131.2–133.9,90%,
36,Tab2,HGB,g/L,"Canada (TARGet Kids!), 2–36 months",Sysmex XN-9000,F,Year 3,129,105.0,133.5,103.6–107.0,131.7–135.2,90%,
36,Tab2,HGB,g/L,"Canada (TARGet Kids!), 2–36 months",Sysmex XN-9000,M,Year 3,154,106.1,132.8,104.5–107.6,131.2–134.3,90%,
36,Tab2,HGB,g/L,"Canada (TARGet Kids!), 2–36 months",Sysmex XN-9000,F,Month 25 – Month 30,101,105.0,134.5,102.7–107.0,132.4–136.6,90%,
36,Tab2,HGB,g/L,"Canada (TARGet Kids!), 2–36 months",Sysmex XN-9000,M,Month 25 – Month 30,113,107.3,132.1,105.6–109.0,130.5–133.8,90%,
36,Tab2,HGB,g/L,"Canada (TARGet Kids!), 2–36 months",Sysmex XN-9000,F,Month 31 – Month 36,28,108.0,129.3,105.0–111.0,126.4–132.3,90%,
36,Tab2,HGB,g/L,"Canada (TARGet Kids!), 2–36 months",Sysmex XN-9000,M,Month 31 – Month 36,41,103.4,134.4,99.9–106.9,130.9–137.9,90%,
36,Tab2,MCV,fL,"Canada (TARGet Kids!), 2–36 months",Sysmex XN-9000,F,Year 1,356,72.2,85.3,71.5–72.9,84.5–87.9,90%,
36,Tab2,MCV,fL,"Canada (TARGet Kids!), 2–36 months",Sysmex XN-9000,M,Year 1,428,69.7,87.0,68.4–70.1,84.9–93.2,90%,
36,Tab2,MCV,fL,"Canada (TARGet Kids!), 2–36 months",Sysmex XN-9000,F,Month 1 – Month 6,60,71.2,89.0,69.5–72.8,87.3–90.6,90%,
36,Tab2,MCV,fL,"Canada (TARGet Kids!), 2–36 months",Sysmex XN-9000,M,Month 1 – Month 6,82,70.1,94.7,70.1–70.1,94.7–94.7,90%,
36,Tab2,MCV,fL,"Canada (TARGet Kids!), 2–36 months",Sysmex XN-9000,F,Month 7 – Month 12,296,72.0,84.2,71.5–73,83.3–84.8,90%,
36,Tab2,MCV,fL,"Canada (TARGet Kids!), 2–36 months",Sysmex XN-9000,M,Month 7 – Month 12,346,70.0,84.0,69.5–70.6,83.0–84.6,90%,
36,Tab2,MCV,fL,"Canada (TARGet Kids!), 2–36 months",Sysmex XN-9000,F,Year 2,435,69.0,84.6,68.5–70.0,83.4–85.3,90%,
36,Tab2,MCV,fL,"Canada (TARGet Kids!), 2–36 months",Sysmex XN-9000,M,Year 2,504,67.8,82.4,66.9–68.9,82.2–83.1,90%,
36,Tab2,MCV,fL,"Canada (TARGet Kids!), 2–36 months",Sysmex XN-9000,F,Month 13 – Month 18,246,71.0,84.6,70.6–72.0,84.0–85.2,90%,
36,Tab2,MCV,fL,"Canada (TARGet Kids!), 2–36 months",Sysmex XN-9000,M,Month 13 – Month 18,292,67.7,82.5,66.5–68.5,82.2–83.4,90%,
36,Tab2,MCV,fL,"Canada (TARGet Kids!), 2–36 months",Sysmex XN-9000,F,Month 19 – Month 24,189,69.0,84.3,67.7–70.0,83.4–86.6,90%,
36,Tab2,MCV,fL,"Canada (TARGet Kids!), 2–36 months",Sysmex XN-9000,M,Month 19 – Month 24,212,67.8,82.4,66.9–69.1,81.7–83.0,90%,
36,Tab2,MCV,fL,"Canada (TARGet Kids!), 2–36 months",Sysmex XN-9000,F,Year 3,126,72.0,84.1,71.1–73.0,82.8–85.2,90%,
36,Tab2,MCV,fL,"Canada (TARGet Kids!), 2–36 months",Sysmex XN-9000,M,Year 3,154,70.9,83.4,70.2–71.6,82.7–84.2,90%,
36,Tab2,MCV,fL,"Canada (TARGet Kids!), 2–36 months",Sysmex XN-9000,F,Month 25 – Month 30,100,71.0,84.7,70.4–72.0,83.7–85.7,90%,
36,Tab2,MCV,fL,"Canada (TARGet Kids!), 2–36 months",Sysmex XN-9000,M,Month 25 – Month 30,112,70.7,83.2,69.9–71.6,82.3–84.0,90%,
36,Tab2,MCV,fL,"Canada (TARGet Kids!), 2–36 months",Sysmex XN-9000,F,Month 31 – Month 36,26,75.0,84.2,73.4–76.0,82.8–85.5,90%,
36,Tab2,MCV,fL,"Canada (TARGet Kids!), 2–36 months",Sysmex XN-9000,M,Month 31 – Month 36,42,71.4,84.0,70.0–72.8,82.6–85.4,90%,
36,Tab3,HGB,g/L,"Canada (TARGet Kids!), 2–36 months",Sysmex XN-9000,both,Year 1,,101.0,131.8,100.2–101.8,131.1–132.6,90%,
36,Tab3,HGB,g/L,"Canada (TARGet Kids!), 2–36 months",Sysmex XN-9000,both,Month 1 – Month 6,,101.2,131.0,99.4–103.0,129.2–132.8,90%,
36,Tab3,HGB,g/L,"Canada (TARGet Kids!), 2–36 months",Sysmex XN-9000,both,Month 7 – Month 9,,100.0,130.8,98.7–101.4,129.4–132.2,90%,
36,Tab3,HGB,g/L,"Canada (TARGet Kids!), 2–36 months",Sysmex XN-9000,both,Month 10- Month 12,,101.7,132.7,100.6–102.9,131.6–133.8,90%,
36,Tab3,HGB,g/L,"Canada (TARGet Kids!), 2–36 months",Sysmex XN-9000,both,Year 2,,103.6,133.7,102.9–104.3,133.3–135.4,90%,
36,Tab3,HGB,g/L,"Canada (TARGet Kids!), 2–36 months",Sysmex XN-9000,both,Month 13 – Month 15,,102.5,132.0,101.2–103.9,130.0–133.0,90%,
36,Tab3,HGB,g/L,"Canada (TARGet Kids!), 2–36 months",Sysmex XN-9000,both,Month 16 – Month 18,,102.3,134.1,100.9–103.7,132.8–135.5,90%,
36,Tab3,HGB,g/L,"Canada (TARGet Kids!), 2–36 months",Sysmex XN-9000,both,Month 19 – Month 21,,104.8,134.9,103.2–106.7,133.1–136.8,90%,
36,Tab3,HGB,g/L,"Canada (TARGet Kids!), 2–36 months",Sysmex XN-9000,both,Month 22 – Month 24,,105.7,132.4,104.5–106.9,131.3–133.6,90%,
36,Tab3,HGB,g/L,"Canada (TARGet Kids!), 2–36 months",Sysmex XN-9000,both,Year 3,,105.9,133.1,104.7–107,131.9–134.2,90%,
36,Tab3,HGB,g/L,"Canada (TARGet Kids!), 2–36 months",Sysmex XN-9000,both,Month 25 – Month 30,,106.1,133.4,104.8–107.4,132.1–134.6,90%,
36,Tab3,HGB,g/L,"Canada (TARGet Kids!), 2–36 months",Sysmex XN-9000,both,Month 31 – Month 36,,105.1,132.7,102.8–107.5,130.1–135.0,90%,
36,Tab3,MCV,fL,"Canada (TARGet Kids!), 2–36 months",Sysmex XN-9000,both,Year 1,,70.7,85.8,69.8–71.5,84.8–88.2,90%,
36,Tab3,MCV,fL,"Canada (TARGet Kids!), 2–36 months",Sysmex XN-9000,both,Month 1 – Month 6,,68.9,90.9,67.6–70.2,89.6–92.3,90%,
36,Tab3,MCV,fL,"Canada (TARGet Kids!), 2–36 months",Sysmex XN-9000,both,Month 7 – Month 9,,71.2,84.4,70.6–71.8,83.8–85.0,90%,
36,Tab3,MCV,fL,"Canada (TARGet Kids!), 2–36 months",Sysmex XN-9000,both,Month 10- Month 12,,70.1,84.3,,83.8–84.7,90%,ci_unparsed:70.1 (68.8–71.3
36,Tab3,MCV,fL,"Canada (TARGet Kids!), 2–36 months",Sysmex XN-9000,both,Year 2,,68.5,83.4,68–69.1,82.9–83.7,90%,
36,Tab3,MCV,fL,"Canada (TARGet Kids!), 2–36 months",Sysmex XN-9000,both,Month 13 – Month 15,,68.4,83.9,66.8–70.1,83.2–85.0,90%,
36,Tab3,MCV,fL,"Canada (TARGet Kids!), 2–36 months",Sysmex XN-9000,both,Month 16 – Month 18,,68.9,82.9,67.7–70.1,82.3–84.6,90%,
36,Tab3,MCV,fL,"Canada (TARGet Kids!), 2–36 months",Sysmex XN-9000,both,Month 19 – Month 21,,69.6,82.8,68.7–70.4,81.7–86.6,90%,
36,Tab3,MCV,fL,"Canada (TARGet Kids!), 2–36 months",Sysmex XN-9000,both,Month 22 – Month 24,,68.9,83.6,67.4–69.2,82.4–85.4,90%,
36,Tab3,MCV,fL,"Canada (TARGet Kids!), 2–36 months",Sysmex XN-9000,both,Year 3,,71.3,83.5,69.2–71.9,82.5–84.2,90%,
36,Tab3,MCV,fL,"Canada (TARGet Kids!), 2–36 months",Sysmex XN-9000,both,Month 25 – Month 30,,70.2,83.5,69–71.8,82.5–84.4,90%,
36,Tab3,MCV,fL,"Canada (TARGet Kids!), 2–36 months",Sysmex XN-9000,both,Month 31 – Month 36,,72.4,84.4,71.5–73.9,83.3–85.4,90%,
36,Tab4,HGB,g/L,"Canada (TARGet Kids!), 2–36 months",Sysmex XN-9000,both,First Quarter,,94.5,130.0,90.1–98.9,125.6–134.4,90%,
36,Tab4,MCV,fL,"Canada (TARGet Kids!), 2–36 months",Sysmex XN-9000,both,First Quarter,,78.1,99.5,75.4–80.7,96.8–102.2,90%,
36,Tab4,HGB,g/L,"Canada (TARGet Kids!), 2–36 months",Sysmex XN-9000,both,Month 2,,101.0,127.7,100.2–103.0,122.1–133.3,90%,
36,Tab4,MCV,fL,"Canada (TARGet Kids!), 2–36 months",Sysmex XN-9000,both,Month 2,,79.1,95.5,76.5–81.6,93.0–98.1,90%,
36,Tab4,HGB,g/L,"Canada (TARGet Kids!), 2–36 months",Sysmex XN-9000,both,Second Quarter,,102.6,130.5,100.7–104.5,128.6–132.4,90%,
36,Tab4,MCV,fL,"Canada (TARGet Kids!), 2–36 months",Sysmex XN-9000,both,Second Quarter,,70.6,85.1,69.6–71.6,84.1–86.1,90%,
36,Tab4,HGB,g/L,"Canada (TARGet Kids!), 2–36 months",Sysmex XN-9000,both,Month 4,,102.4,129.3,98.9–106.0,125.7–132.8,90%,
36,Tab4,MCV,fL,"Canada (TARGet Kids!), 2–36 months",Sysmex XN-9000,both,Month 4,,73.4,86.9,71.6–75.1,85.1–88.6,90%,
36,Tab4,HGB,g/L,"Canada (TARGet Kids!), 2–36 months",Sysmex XN-9000,both,Month 6,,102.8,130.9,100.4–105.2,128.5–133.3,90%,
36,Tab4,MCV,fL,"Canada (TARGet Kids!), 2–36 months",Sysmex XN-9000,both,Month 6,,70.0,83.5,68.9–71.2,82.4–84.7,90%,
36,Tab4,HGB,g/L,"Canada (TARGet Kids!), 2–36 months",Sysmex XN-9000,both,Third Quarter,,100.4,129.8,99.1–101.7,128.5–131.2,90%,
36,Tab4,MCV,fL,"Canada (TARGet Kids!), 2–36 months",Sysmex XN-9000,both,Third Quarter,,71.0,84.8,70.4–71.6,84.2–85.4,90%,
36,Tab4,HGB,g/L,"Canada (TARGet Kids!), 2–36 months",Sysmex XN-9000,both,Month 7,,100.4,127.7,97.0–103.8,124.3–131.1,90%,
36,Tab4,MCV,fL,"Canada (TARGet Kids!), 2–36 months",Sysmex XN-9000,both,Month 7,,71.3,84.5,69.7–73.0,82.9–86.1,90%,
36,Tab4,HGB,g/L,"Canada (TARGet Kids!), 2–36 months",Sysmex XN-9000,both,Month 8,,97.3,126.8,93.3–104.3,119.1–133.8,90%,
36,Tab4,MCV,fL,"Canada (TARGet Kids!), 2–36 months",Sysmex XN-9000,both,Month 8,,69.0,85.8,66.0–72.0,82.8–88.7,90%,
36,Tab4,HGB,g/L,"Canada (TARGet Kids!), 2–36 months",Sysmex XN-9000,both,Month,,100.3,130.4,98.7–101.8,128.9–132.0,90%,
36,Tab4,MCV,fL,"Canada (TARGet Kids!), 2–36 months",Sysmex XN-9000,both,Month,,71.1,84.8,70.4–71.8,84.1–85.5,90%,
36,Tab4,HGB,g/L,"Canada (TARGet Kids!), 2–36 months",Sysmex XN-9000,both,Fourth Quarter,,101.7,133.1,100.6–102.9,132.0–134.3,90%,
36,Tab4,MCV,fL,"Canada (TARGet Kids!), 2–36 months",Sysmex XN-9000,both,Fourth Quarter,,71.0,84.1,70.6–71.5,83.7–84.6,90%,
36,Tab4,HGB,g/L,"Canada (TARGet Kids!), 2–36 months",Sysmex XN-9000,both,Month 10,,100.3,132.8,97.8–102.7,130.4–135.3,90%,
36,Tab4,MCV,fL,"Canada (TARGet Kids!), 2–36 months",Sysmex XN-9000,both,Month 10,,70.5,84.1,69.4–71.6,,90%,"ci_unparsed:84.1 (N/A, N/A)a"
36,Tab4,HGB,g/L,"Canada (TARGet Kids!), 2–36 months",Sysmex XN-9000,both,Month 11,,103.6,127.3,99.0–108.2,122.6–131.9,90%,
36,Tab4,MCV,fL,"Canada (TARGet Kids!), 2–36 months",Sysmex XN-9000,both,Month 11,,69.7,83.8,66.9–72.6,80.9–86.6,90%,
36,Tab4,HGB,g/L,"Canada (TARGet Kids!), 2–36 months",Sysmex XN-9000,both,Month 12,,102.2,133.5,100.8–103.5,132.1–134.8,90%,
36,Tab4,MCV,fL,"Canada (TARGet Kids!), 2–36 months",Sysmex XN-9000,both,Month 12,,71.3,83.8,70.8–71.8,83.3–84.3,90%,
36,Tab4,HGB,g/L,"Canada (TARGet Kids!), 2–36 months",Sysmex XN-9000,both,First Quarter,,103.0,133.7,101.6–104.4,132.3–135.1,90%,
36,Tab4,MCV,fL,"Canada (TARGet Kids!), 2–36 months",Sysmex XN-9000,both,First Quarter,,69.9,85.0,69.2–70.6,84.3–85.7,90%,
36,Tab4,HGB,g/L,"Canada (TARGet Kids!), 2–36 months",Sysmex XN-9000,both,Month 13,,102.2,131.6,100.0–104.5,129.4–133.9,90%,
36,Tab4,MCV,fL,"Canada (TARGet Kids!), 2–36 months",Sysmex XN-9000,both,Month 13,,69.3,85.3,68.1–70.5,84.0–86.5,90%,
36,Tab4,HGB,g/L,"Canada (TARGet Kids!), 2–36 months",Sysmex XN-9000,both,Month 14,,96.7,137.0,91.5–101.8,131.9–142.2,90%,
36,Tab4,MCV,fL,"Canada (TARGet Kids!), 2–36 months",Sysmex XN-9000,both,Month 14,,68.9,86.5,66.7–71.1,84.3–88.7,90%,
36,Tab4,HGB,g/L,"Canada (TARGet Kids!), 2–36 months",Sysmex XN-9000,both,Month 15,,105.5,133.7,103.7–107.2,132.0–135.5,90%,
36,Tab4,MCV,fL,"Canada (TARGet Kids!), 2–36 months",Sysmex XN-9000,both,Month 15,,70.5,84.5,69.6–71.3,83.7–85.4,90%,
36,Tab4,HGB,g/L,"Canada (TARGet Kids!), 2–36 months",Sysmex XN-9000,both,Second Quarter,,102.7,134.0,101.3–104.0,132.7–135.4,90%,
36,Tab4,MCV,fL,"Canada (TARGet Kids!), 2–36 months",Sysmex XN-9000,both,Second Quarter,,69.9,82.7,69.3–70.5,82.2–83.4,90%,
36,Tab4,HGB,g/L,"Canada (TARGet Kids!), 2–36 months",Sysmex XN-9000,both,Month 16,,107.3,131.4,104.9–109.7,129.0–133.8,90%,
36,Tab4,MCV,fL,"Canada (TARGet Kids!), 2–36 months",Sysmex XN-9000,both,Month 16,,69.3,83.8,67.9–71.0,82.4–85.1,90%,
36,Tab4,HGB,g/L,"Canada (TARGet Kids!), 2–36 months",Sysmex XN-9000,both,Month 17,,102.2,130.0,97.4–107.1,,90%,"ci_unparsed:130.0 (N/A, N/A)a"
36,Tab4,MCV,fL,"Canada (TARGet Kids!), 2–36 months",Sysmex XN-9000,both,Month 17,,68.7,86.8,66.0–71.4,84.1–89.5,90%,
36,Tab4,HGB,g/L,"Canada (TARGet Kids!), 2–36 months",Sysmex XN-9000,both,Month 18,,101.6,134.6,99.9–103.3,132.9–136.3,90%,
36,Tab4,MCV,fL,"Canada (TARGet Kids!), 2–36 months",Sysmex XN-9000,both,Month 18,,68.3,83.1,67.7–70.8,82.5–83.8,90%,
36,Tab4,HGB,g/L,"Canada (TARGet Kids!), 2–36 months",Sysmex XN-9000,both,Third Quarter,,104.8,134.9,,133.1–136.8,90%,ci_unparsed:104.8 (103.0106.4)
36,Tab4,MCV,fL,"Canada (TARGet Kids!), 2–36 months",Sysmex XN-9000,both,Third Quarter,,70.2,81.9,69.4–71.0,81.6–82.8,90%,
36,Tab4,HGB,g/L,"Canada (TARGet Kids!), 2–36 months",Sysmex XN-9000,both,Month 19,,105.3,134.6,103.1–107.5,132.4–136.8,90%,
36,Tab4,MCV,fL,"Canada (TARGet Kids!), 2–36 months",Sysmex XN-9000,both,Month 19,,70.3,83.3,69.3–71.3,82.3–84.3,90%,
36,Tab4,HGB,g/L,"Canada (TARGet Kids!), 2–36 months",Sysmex XN-9000,both,Month 20,,103.2,135.7,98.9–107.6,131.4–140.1,90%,
36,Tab4,MCV,fL,"Canada (TARGet Kids!), 2–36 months",Sysmex XN-9000,both,Month 20,,69.0,84.1,67.0–71.0,82.1–86.1,90%,
36,Tab4,HGB,g/L,"Canada (TARGet Kids!), 2–36 months",Sysmex XN-9000,both,Month 21,,103.7,136.4,97.1–110.4,129.7–143.1,90%,
36,Tab4,MCV,fL,"Canada (TARGet Kids!), 2–36 months",Sysmex XN-9000,both,Month 21,,73.1,80.1,71.6–74.6,78.6–81.6,90%,
36,Tab4,HGB,g/L,"Canada (TARGet Kids!), 2–36 months",Sysmex XN-9000,both,Fourth Quarter,,105.7,132.1,104.7–106.6,131.0–133.3,90%,
36,Tab4,MCV,fL,"Canada (TARGet Kids!), 2–36 months",Sysmex XN-9000,both,Fourth Quarter,,68.9,83.4,67.4–69.2,82.4–84.3,90%,
36,Tab4,HGB,g/L,"Canada (TARGet Kids!), 2–36 months",Sysmex XN-9000,both,Month 22,,107.3,136.8,102.6–112.0,132.1–141.5,90%,
36,Tab4,MCV,fL,"Canada (TARGet Kids!), 2–36 months",Sysmex XN-9000,both,Month 22,,70.0,85.4,67.5–72.6,82.8–88.0,90%,
36,Tab4,HGB,g/L,"Canada (TARGet Kids!), 2–36 months",Sysmex XN-9000,both,Month 23,,103.0,134.2,96.91–09.2,128.1–140.4,90%,
36,Tab4,MCV,fL,"Canada (TARGet Kids!), 2–36 months",Sysmex XN-9000,both,Month 23,,71.3,83.8,68.6–73.9,81.1–86.5,90%,
36,Tab4,HGB,g/L,"Canada (TARGet Kids!), 2–36 months",Sysmex XN-9000,both,Month 24,,105.9,131.5,104.7–107.1,130.3–132.7,90%,
36,Tab4,MCV,fL,"Canada (TARGet Kids!), 2–36 months",Sysmex XN-9000,both,Month 24,,68.9,83.4,67.4–69.2,82.3–84.3,90%,
36,Tab4,HGB,g/L,"Canada (TARGet Kids!), 2–36 months",Sysmex XN-9000,both,First Quarter,,106.0,132.3,104.6–107.7,130.8–133.8,90%,
36,Tab4,MCV,fL,"Canada (TARGet Kids!), 2–36 months",Sysmex XN-9000,both,First Quarter,,69.0,83.3,67.2–71.8,82.1–85.2,90%,
36,Tab4,HGB,g/L,"Canada (TARGet Kids!), 2–36 months",Sysmex XN-9000,both,Month 25,,106.0,132.6,104.0–108.0,130.7–134.4,90%,
36,Tab4,MCV,fL,"Canada (TARGet Kids!), 2–36 months",Sysmex XN-9000,both,Month 25,,69.6,83.9,68.6–70.6,82.9–84.9,90%,
36,Tab4,HGB,g/L,"Canada (TARGet Kids!), 2–36 months",Sysmex XN-9000,both,Month 26,,104.5,131.9,101.3–107.8,128.6–135.2,90%,
36,Tab4,MCV,fL,"Canada (TARGet Kids!), 2–36 months",Sysmex XN-9000,both,Month 26,,71.9,84.3,70.4–73.3,82.9–85.7,90%,
36,Tab4,HGB,g/L,"Canada (TARGet Kids!), 2–36 months",Sysmex XN-9000,both,Month 27,,110.5,131.0,106.8–114.1,127.3–134.6,90%,
36,Tab4,MCV,fL,"Canada (TARGet Kids!), 2–36 months",Sysmex XN-9000,both,Month 27,,72.3,82.9,70.4–74.1,81.0–84.7,90%,
36,Tab4,HGB,g/L,"Canada (TARGet Kids!), 2–36 months",Sysmex XN-9000,both,Second Quarter,,106.9,133.5,104.1–109.7,130.7–136.2,90%,
36,Tab4,MCV,fL,"Canada (TARGet Kids!), 2–36 months",Sysmex XN-9000,both,Second Quarter,,71.2,84.7,69.8–72.6,83.3–86.1,90%,
36,Tab4,HGB,g/L,"Canada (TARGet Kids!), 2–36 months",Sysmex XN-9000,both,Month 28,,106.2,132.8,101.8–110.7,128.4–137.3,90%,
36,Tab4,MCV,fL,"Canada (TARGet Kids!), 2–36 months",Sysmex XN-9000,both,Month 28,,71.6,83.8,69.6–73.7,81.8–85.8,90%,
36,Tab4,HGB,g/L,"Canada (TARGet Kids!), 2–36 months",Sysmex XN-9000,both,Month 29,,102.8,135.1,95.6–110.0,127.8–142.3,90%,
36,Tab4,MCV,fL,"Canada (TARGet Kids!), 2–36 months",Sysmex XN-9000,both,Month 29,,73.6,85.1,71.2–76.1,82.6–87.5,90%,
36,Tab4,HGB,g/L,"Canada (TARGet Kids!), 2–36 months",Sysmex XN-9000,both,Month 30,,110.2,133.1,106.2–114.1,129.2–137.1,90%,
36,Tab4,MCV,fL,"Canada (TARGet Kids!), 2–36 months",Sysmex XN-9000,both,Month 30,,69.6,85.1,67.0–72.2,82.5–87.7,90%,
36,Tab4,HGB,g/L,"Canada (TARGet Kids!), 2–36 months",Sysmex XN-9000,both,Third Quarter,,103.9,132.1,100.1–107.6,128.3–135.8,90%,
36,Tab4,MCV,fL,"Canada (TARGet Kids!), 2–36 months",Sysmex XN-9000,both,Third Quarter,,72.6,83.0,71.3–74.0,81.7–84.4,90%,
36,Tab4,HGB,g/L,"Canada (TARGet Kids!), 2–36 months",Sysmex XN-9000,both,Month 31,,100.6,133.9,94.5–106.7,127.8–140.0,90%,
36,Tab4,MCV,fL,"Canada (TARGet Kids!), 2–36 months",Sysmex XN-9000,both,Month 31,,73.0,82.9,71.2–74.9,81.0–84.8,90%,
36,Tab4,HGB,g/L,"Canada (TARGet Kids!), 2–36 months",Sysmex XN-9000,both,Fourth Quarter,,105.8,132.7,102.6–108.9,129.5–135.8,90%,
36,Tab4,MCV,fL,"Canada (TARGet Kids!), 2–36 months",Sysmex XN-9000,both,Fourth Quarter,,72.4,85.3,70.8–73.9,83.8–86.8,90%,
36,Tab4,HGB,g/L,"Canada (TARGet Kids!), 2–36 months",Sysmex XN-9000,both,Month 35,,104.9,132.2,99.3–110.5,126.6–137.8,90%,
36,Tab4,MCV,fL,"Canada (TARGet Kids!), 2–36 months",Sysmex XN-9000,both,Month 35,,71.4,85.5,68.6–74.2,82.7–88.3,90%,
36,Tab4,HGB,g/L,"Canada (TARGet Kids!), 2–36 months",Sysmex XN-9000,both,Month 36,,108.4,130.5,104.5–112.4,126.6–134.4,90%,
36,Tab4,MCV,fL,"Canada (TARGet Kids!), 2–36 months",Sysmex XN-9000,both,Month 36,,71.5,85.2,69.1–74.0,82.8–87.7,90%,
26,T2,ALA,μM,China newborns (dried blood spots),MS/MS (NeoBase non-derivatized kit; Waters/AB Sciex),M,0 to ≤1 day,10291,171.0,404.2,168.7–172.8,402.1–406.4,90%,
26,T2,ALA,μM,China newborns (dried blood spots),MS/MS (NeoBase non-derivatized kit; Waters/AB Sciex),F,0 to ≤1 day,9540,171.8,406.7,169.5–173.9,404.3–409.2,90%,
26,T2,ALA,μM,China newborns (dried blood spots),MS/MS (NeoBase non-derivatized kit; Waters/AB Sciex),M,1 day to ≤2 days,115292,163.6,435.9,163.0–166.3,435.2–436.8,90%,
26,T2,ALA,μM,China newborns (dried blood spots),MS/MS (NeoBase non-derivatized kit; Waters/AB Sciex),F,1 day to ≤2 days,105039,168.5,448.4,167.8–169.0,447.3–449.4,90%,
26,T2,ALA,μM,China newborns (dried blood spots),MS/MS (NeoBase non-derivatized kit; Waters/AB Sciex),M,2 days to ≤3 days,1053952,178.0,495.8,177.8–181.3,495.4–496.1,90%,
26,T2,ALA,μM,China newborns (dried blood spots),MS/MS (NeoBase non-derivatized kit; Waters/AB Sciex),F,2 days to ≤3 days,965270,185.0,510.5,184.8–185.2,510.1–510.9,90%,
26,T2,ALA,μM,China newborns (dried blood spots),MS/MS (NeoBase non-derivatized kit; Waters/AB Sciex),M,3 days to ≤4 days,801271,188.2,527.4,188.0–191.5,527.0–527.8,90%,
26,T2,ALA,μM,China newborns (dried blood spots),MS/MS (NeoBase non-derivatized kit; Waters/AB Sciex),F,3 days to ≤4 days,729980,195.9,545.3,195.6–196.2,544.8–545.8,90%,
26,T2,ALA,μM,China newborns (dried blood spots),MS/MS (NeoBase non-derivatized kit; Waters/AB Sciex),M,4 days to ≤5 days,158961,188.1,519.6,187.6–192.7,518.6–520.4,90%,
26,T2,ALA,μM,China newborns (dried blood spots),MS/MS (NeoBase non-derivatized kit; Waters/AB Sciex),F,4 days to ≤5 days,143970,197.3,539.1,196.6–197.9,538.1–540.3,90%,
26,T2,ALA,μM,China newborns (dried blood spots),MS/MS (NeoBase non-derivatized kit; Waters/AB Sciex),M,5 days to ≤6 days,96903,188.0,508.0,187.1–192.8,506.7–509.1,90%,
26,T2,ALA,μM,China newborns (dried blood spots),MS/MS (NeoBase non-derivatized kit; Waters/AB Sciex),F,5 days to ≤6 days,87591,197.1,526.2,196.3–198.0,525.0–527.4,90%,
26,T2,ALA,μM,China newborns (dried blood spots),MS/MS (NeoBase non-derivatized kit; Waters/AB Sciex),M,6 days to ≤7 days,59713,184.1,496.2,183.2–189.9,494.9–497.5,90%,
26,T2,ALA,μM,China newborns (dried blood spots),MS/MS (NeoBase non-derivatized kit; Waters/AB Sciex),F,6 days to ≤7 days,53406,195.2,511.5,194.1–196.1,510.2–513.3,90%,
26,T2,ALA,μM,China newborns (dried blood spots),MS/MS (NeoBase non-derivatized kit; Waters/AB Sciex),M,7 days to ≤8 days,33973,182.3,488.0,180.8–186.7,485.8–489.8,90%,
26,T2,ALA,μM,China newborns (dried blood spots),MS/MS (NeoBase non-derivatized kit; Waters/AB Sciex),F,7 days to ≤8 days,29789,190.4,503.6,189.1–192.0,501.7–505.8,90%,
26,T2,ALA,μM,China newborns (dried blood spots),MS/MS (NeoBase non-derivatized kit; Waters/AB Sciex),M,8 days to ≤9 days,25407,180.0,482.1,179.0–185.2,479.7–484.3,90%,
26,T2,ALA,μM,China newborns (dried blood spots),MS/MS (NeoBase non-derivatized kit; Waters/AB Sciex),F,8 days to ≤9 days,22233,190.2,495.9,188.3–191.8,492.9–497.9,90%,
26,T2,ALA,μM,China newborns (dried blood spots),MS/MS (NeoBase non-derivatized kit; Waters/AB Sciex),M,9 days to ≤10 days,19866,178.3,479.5,177.0–183.4,477.4–481.9,90%,
26,T2,ALA,μM,China newborns (dried blood spots),MS/MS (NeoBase non-derivatized kit; Waters/AB Sciex),F,9 days to ≤10 days,17364,189.1,492.5,187.7–190.8,489.7–494.8,90%,
26,T2,ALA,μM,China newborns (dried blood spots),MS/MS (NeoBase non-derivatized kit; Waters/AB Sciex),M,10 days to ≤11 days,15363,178.5,473.0,176.5–184.1,470.2–475.9,90%,
26,T2,ALA,μM,China newborns (dried blood spots),MS/MS (NeoBase non-derivatized kit; Waters/AB Sciex),F,10 days to ≤11 days,13365,189.6,488.7,187.9–191.2,486.6–491.9,90%,
26,T2,ALA,μM,China newborns (dried blood spots),MS/MS (NeoBase non-derivatized kit; Waters/AB Sciex),M,11 days to ≤12 days,14117,178.4,466.9,176.5–182.9,464.5–470.1,90%,
26,T2,ALA,μM,China newborns (dried blood spots),MS/MS (NeoBase non-derivatized kit; Waters/AB Sciex),F,11 days to ≤12 days,12293,187.0,479.8,184.9–188.4,477.1–481.9,90%,
26,T2,ALA,μM,China newborns (dried blood spots),MS/MS (NeoBase non-derivatized kit; Waters/AB Sciex),M,12 days to ≤13 days ( lm ),12489,176.6,464.9,174.8–182.2,462.5–467.9,90%,
26,T2,ALA,μM,China newborns (dried blood spots),MS/MS (NeoBase non-derivatized kit; Waters/AB Sciex),F,12 days to ≤13 days ( lm ),11147,186.3,471.0,184.4–188.4,468.0–473.3,90%,
26,T2,ALA,μM,China newborns (dried blood spots),MS/MS (NeoBase non-derivatized kit; Waters/AB Sciex),M,13 days to ≤14 days,11465,176.4,466.3,174.6–182.0,464.7–468.7,90%,
26,T2,ALA,μM,China newborns (dried blood spots),MS/MS (NeoBase non-derivatized kit; Waters/AB Sciex),F,13 days to ≤14 days,10117,186.1,467.5,184.0–188.0,465.1–471.1,90%,
26,T2,ARG,μM,China newborns (dried blood spots),MS/MS (NeoBase non-derivatized kit; Waters/AB Sciex),M,0 to ≤1 day,10355,1.5,21.3,1.5–1.6,21.0–21.5,90%,
26,T2,ARG,μM,China newborns (dried blood spots),MS/MS (NeoBase non-derivatized kit; Waters/AB Sciex),F,0 to ≤1 day,9613,1.5,19.4,1.4–1.5,19.2–19.7,90%,
26,T2,ARG,μM,China newborns (dried blood spots),MS/MS (NeoBase non-derivatized kit; Waters/AB Sciex),M,1 day to ≤2 days,116704,1.4,23.8,1.4–1.4,23.7–23.9,90%,
26,T2,ARG,μM,China newborns (dried blood spots),MS/MS (NeoBase non-derivatized kit; Waters/AB Sciex),F,1 day to ≤2 days,105982,1.4,22.5,1.4–1.4,22.4–22.6,90%,
26,T2,ARG,μM,China newborns (dried blood spots),MS/MS (NeoBase non-derivatized kit; Waters/AB Sciex),M,2 days to ≤3 days,1062374,1.5,25.4,1.5–1.5,25.3–25.4,90%,
26,T2,ARG,μM,China newborns (dried blood spots),MS/MS (NeoBase non-derivatized kit; Waters/AB Sciex),F,2 days to ≤3 days,971780,1.5,23.8,1.5–1.5,23.8–23.8,90%,
26,T2,ARG,μM,China newborns (dried blood spots),MS/MS (NeoBase non-derivatized kit; Waters/AB Sciex),M,3 days to ≤4 days,806759,1.7,28.0,1.7–1.7,28.0–28.0,90%,
26,T2,ARG,μM,China newborns (dried blood spots),MS/MS (NeoBase non-derivatized kit; Waters/AB Sciex),F,3 days to ≤4 days,734811,1.6,26.8,1.6–1.6,26.7–26.8,90%,
26,T2,ARG,μM,China newborns (dried blood spots),MS/MS (NeoBase non-derivatized kit; Waters/AB Sciex),M,4 days to ≤5 days ( def ),159837,1.7,30.7,1.7–1.7,30.7–30.8,90%,
26,T2,ARG,μM,China newborns (dried blood spots),MS/MS (NeoBase non-derivatized kit; Waters/AB Sciex),F,4 days to ≤5 days ( def ),144722,1.6,29.8,1.6–1.6,29.7–29.9,90%,
26,T2,ARG,μM,China newborns (dried blood spots),MS/MS (NeoBase non-derivatized kit; Waters/AB Sciex),M,5 days to ≤6 days,97358,1.7,30.9,1.6–1.7,30.8–31.0,90%,
26,T2,ARG,μM,China newborns (dried blood spots),MS/MS (NeoBase non-derivatized kit; Waters/AB Sciex),F,5 days to ≤6 days,87942,1.6,29.3,1.6–1.6,29.2–29.5,90%,
26,T2,ARG,μM,China newborns (dried blood spots),MS/MS (NeoBase non-derivatized kit; Waters/AB Sciex),M,6 days to ≤7 days,60025,1.6,30.9,1.6–1.6,30.7–31.0,90%,
26,T2,ARG,μM,China newborns (dried blood spots),MS/MS (NeoBase non-derivatized kit; Waters/AB Sciex),F,6 days to ≤7 days,53625,1.6,29.2,1.6–1.6,29.0–29.3,90%,
26,T2,ARG,μM,China newborns (dried blood spots),MS/MS (NeoBase non-derivatized kit; Waters/AB Sciex),M,7 days to ≤8 days,34169,1.6,31.1,1.6–1.6,30.8–31.2,90%,
26,T2,ARG,μM,China newborns (dried blood spots),MS/MS (NeoBase non-derivatized kit; Waters/AB Sciex),F,7 days to ≤8 days,29956,1.5,29.3,1.5–1.6,29.1–29.6,90%,
26,T2,ARG,μM,China newborns (dried blood spots),MS/MS (NeoBase non-derivatized kit; Waters/AB Sciex),M,8 days to ≤9 days,25571,1.6,32.3,1.6–1.6,32.1–32.5,90%,
26,T2,ARG,μM,China newborns (dried blood spots),MS/MS (NeoBase non-derivatized kit; Waters/AB Sciex),F,8 days to ≤9 days,22326,1.6,30.5,1.6–1.6,30.3–30.8,90%,
26,T2,ARG,μM,China newborns (dried blood spots),MS/MS (NeoBase non-derivatized kit; Waters/AB Sciex),M,9 days to ≤10 days,19992,1.7,33.3,1.7–1.8,33.1–33.6,90%,
26,T2,ARG,μM,China newborns (dried blood spots),MS/MS (NeoBase non-derivatized kit; Waters/AB Sciex),F,9 days to ≤10 days,17453,1.7,31.6,1.6–1.7,31.3–31.8,90%,
26,T2,ARG,μM,China newborns (dried blood spots),MS/MS (NeoBase non-derivatized kit; Waters/AB Sciex),M,10 days to ≤11 days,15431,1.9,34.9,1.8–1.9,34.5–35.2,90%,
26,T2,ARG,μM,China newborns (dried blood spots),MS/MS (NeoBase non-derivatized kit; Waters/AB Sciex),F,10 days to ≤11 days,13398,1.9,33.1,1.8–1.9,32.8–33.4,90%,
26,T2,ARG,μM,China newborns (dried blood spots),MS/MS (NeoBase non-derivatized kit; Waters/AB Sciex),M,11 days to ≤12 days,14169,2.1,37.3,2.0–2.1,37.0–37.7,90%,
26,T2,ARG,μM,China newborns (dried blood spots),MS/MS (NeoBase non-derivatized kit; Waters/AB Sciex),F,11 days to ≤12 days,12333,1.9,34.3,1.9–2.0,34.0–34.6,90%,
26,T2,ARG,μM,China newborns (dried blood spots),MS/MS (NeoBase non-derivatized kit; Waters/AB Sciex),M,12 days to ≤13 days,12545,2.2,38.3,2.2–2.3,37.8–38.6,90%,
26,T2,ARG,μM,China newborns (dried blood spots),MS/MS (NeoBase non-derivatized kit; Waters/AB Sciex),F,12 days to ≤13 days,11181,2.0,35.8,2.0–2.1,35.5–36.2,90%,
26,T2,ARG,μM,China newborns (dried blood spots),MS/MS (NeoBase non-derivatized kit; Waters/AB Sciex),M,13 days to ≤14Vdays,11513,2.1,39.6,2.1–2.2,39.2–40.0,90%,
26,T2,ARG,μM,China newborns (dried blood spots),MS/MS (NeoBase non-derivatized kit; Waters/AB Sciex),F,13 days to ≤14Vdays,10146,2.2,37.3,2.1–2.3,36.9–37.6,90%,
26,T2,CIT,μM,China newborns (dried blood spots),MS/MS (NeoBase non-derivatized kit; Waters/AB Sciex),M,0 to ≤1 day,10250,7.8,20.0,7.7–7.9,19.9–20.2,90%,
26,T2,CIT,μM,China newborns (dried blood spots),MS/MS (NeoBase non-derivatized kit; Waters/AB Sciex),F,0 to ≤1 day,9535,7.9,20.0,7.9–8.0,19.8–20.1,90%,
26,T2,CIT,μM,China newborns (dried blood spots),MS/MS (NeoBase non-derivatized kit; Waters/AB Sciex),M,1 day to ≤2 days,115213,7.5,20.3,7.4–7.5,20.2–20.3,90%,
26,T2,CIT,μM,China newborns (dried blood spots),MS/MS (NeoBase non-derivatized kit; Waters/AB Sciex),F,1 day to ≤2 days,104802,7.6,20.7,7.6–7.7,20.7–20.8,90%,
26,T2,CIT,μM,China newborns (dried blood spots),MS/MS (NeoBase non-derivatized kit; Waters/AB Sciex),M,2 days to ≤3 days,1048453,7.6,21.3,7.6–7.6,21.3–21.3,90%,
26,T2,CIT,μM,China newborns (dried blood spots),MS/MS (NeoBase non-derivatized kit; Waters/AB Sciex),F,2 days to ≤3 days,959730,7.9,22.0,7.9–8.0,22.0–22.0,90%,
26,T2,CIT,μM,China newborns (dried blood spots),MS/MS (NeoBase non-derivatized kit; Waters/AB Sciex),M,3 days to ≤4 days,797190,7.8,21.2,7.7–7.8,21.2–21.2,90%,
26,T2,CIT,μM,China newborns (dried blood spots),MS/MS (NeoBase non-derivatized kit; Waters/AB Sciex),F,3 days to ≤4 days,726262,8.1,22.1,8.1–8.1,22.1–22.1,90%,
26,T2,CIT,μM,China newborns (dried blood spots),MS/MS (NeoBase non-derivatized kit; Waters/AB Sciex),M,4 days to ≤5 days,157824,7.6,20.5,7.6–7.6,20.4–20.5,90%,
26,T2,CIT,μM,China newborns (dried blood spots),MS/MS (NeoBase non-derivatized kit; Waters/AB Sciex),F,4 days to ≤5 days,143092,8.0,21.4,8.0–8.0,21.4–21.4,90%,
26,T2,CIT,μM,China newborns (dried blood spots),MS/MS (NeoBase non-derivatized kit; Waters/AB Sciex),M,5 days to ≤6 days,96245,7.7,20.6,7.6–7.7,20.5–20.6,90%,
26,T2,CIT,μM,China newborns (dried blood spots),MS/MS (NeoBase non-derivatized kit; Waters/AB Sciex),F,5 days to ≤6 days,86916,8.0,21.4,8.0–8.0,21.4–21.5,90%,
26,T2,CIT,μM,China newborns (dried blood spots),MS/MS (NeoBase non-derivatized kit; Waters/AB Sciex),M,6 days to ≤7 days,59179,7.6,21.0,7.5–7.6,21.0–21.1,90%,
26,T2,CIT,μM,China newborns (dried blood spots),MS/MS (NeoBase non-derivatized kit; Waters/AB Sciex),F,6 days to ≤7 days,52850,8.0,21.7,7.9–8.0,21.6–21.8,90%,
26,T2,CIT,μM,China newborns (dried blood spots),MS/MS (NeoBase non-derivatized kit; Waters/AB Sciex),M,7 days to ≤8 days,33642,7.6,21.7,7.5–7.7,21.6–21.7,90%,
26,T2,CIT,μM,China newborns (dried blood spots),MS/MS (NeoBase non-derivatized kit; Waters/AB Sciex),F,7 days to ≤8 days,29458,7.9,22.4,7.8–7.9,22.3–22.5,90%,
26,T2,CIT,μM,China newborns (dried blood spots),MS/MS (NeoBase non-derivatized kit; Waters/AB Sciex),M,8 days to ≤9 days,25126,7.6,22.5,7.5–7.7,22.4–22.6,90%,
26,T2,CIT,μM,China newborns (dried blood spots),MS/MS (NeoBase non-derivatized kit; Waters/AB Sciex),F,8 days to ≤9 days,21940,8.0,23.2,8.0–8.1,23.1–23.3,90%,
26,T2,CIT,μM,China newborns (dried blood spots),MS/MS (NeoBase non-derivatized kit; Waters/AB Sciex),M,9 days to ≤10 days,19643,7.9,23.3,7.8–9.0,23.2–23.5,90%,
26,T2,CIT,μM,China newborns (dried blood spots),MS/MS (NeoBase non-derivatized kit; Waters/AB Sciex),F,9 days to ≤10 days,17187,8.3,23.9,8.2–8.3,23.7–24.0,90%,
26,T2,CIT,μM,China newborns (dried blood spots),MS/MS (NeoBase non-derivatized kit; Waters/AB Sciex),M,10 days to ≤11 days,15175,8.1,24.0,8.0–8.2,23.8–24.1,90%,
26,T2,CIT,μM,China newborns (dried blood spots),MS/MS (NeoBase non-derivatized kit; Waters/AB Sciex),F,10 days to ≤11 days,13189,8.4,24.8,8.3–8.5,24.7–25.0,90%,
26,T2,CIT,μM,China newborns (dried blood spots),MS/MS (NeoBase non-derivatized kit; Waters/AB Sciex),M,11 days to ≤12 days,13972,8.7,24.5,8.6–8.9,24.3–24.7,90%,
26,T2,CIT,μM,China newborns (dried blood spots),MS/MS (NeoBase non-derivatized kit; Waters/AB Sciex),F,11 days to ≤12 days,12105,8.6,25.0,8.4–8.7,24.9–25.2,90%,
26,T2,CIT,μM,China newborns (dried blood spots),MS/MS (NeoBase non-derivatized kit; Waters/AB Sciex),M,12 days to ≤13 days,12342,8.6,24.9,8.4–8.7,24.8–25.1,90%,
26,T2,CIT,μM,China newborns (dried blood spots),MS/MS (NeoBase non-derivatized kit; Waters/AB Sciex),F,12 days to ≤13 days,10995,9.0,25.5,8.9–9.1,25.3–25.8,90%,
26,T2,CIT,μM,China newborns (dried blood spots),MS/MS (NeoBase non-derivatized kit; Waters/AB Sciex),M,13 days to ≤14 days,11379,8.7,25.3,8.6–8.8,25.1–25.5,90%,
26,T2,CIT,μM,China newborns (dried blood spots),MS/MS (NeoBase non-derivatized kit; Waters/AB Sciex),F,13 days to ≤14 days,9951,9.0,26.1,8.9–9.1,26.0–26.3,90%,
26,T2,GLY,μM,China newborns (dried blood spots),MS/MS (NeoBase non-derivatized kit; Waters/AB Sciex),M,0 to ≤1 day,10321,310.4,682.4,306.9–316.7,679.4–684.9,90%,
26,T2,GLY,μM,China newborns (dried blood spots),MS/MS (NeoBase non-derivatized kit; Waters/AB Sciex),F,0 to ≤1 day,9587,317.1,691.6,313.1–320.2,688.3–694.8,90%,
26,T2,GLY,μM,China newborns (dried blood spots),MS/MS (NeoBase non-derivatized kit; Waters/AB Sciex),M,1 day to ≤2 days,115855,289.6,738.1,288.5–295.6,736.7–739.4,90%,
26,T2,GLY,μM,China newborns (dried blood spots),MS/MS (NeoBase non-derivatized kit; Waters/AB Sciex),F,1 day to ≤2 days,105328,301.7,753.6,300.8–302.8,751.8–755.2,90%,
26,T2,GLY,μM,China newborns (dried blood spots),MS/MS (NeoBase non-derivatized kit; Waters/AB Sciex),M,2 days to ≤3 days,1052604,287.1,766.7,286.8–292.4,766.2–767.2,90%,
26,T2,GLY,μM,China newborns (dried blood spots),MS/MS (NeoBase non-derivatized kit; Waters/AB Sciex),F,2 days to ≤3 days,963360,299.4,777.6,299.0–299.7,777.0–778.2,90%,
26,T2,GLY,μM,China newborns (dried blood spots),MS/MS (NeoBase non-derivatized kit; Waters/AB Sciex),M,3 days to ≤4 days,799784,273.0,737.1,272.7–279.4,736.5–737.6,90%,
26,T2,GLY,μM,China newborns (dried blood spots),MS/MS (NeoBase non-derivatized kit; Waters/AB Sciex),F,3 days to ≤4 days,729189,286.3,751.5,285.9–286.6,750.9–752.0,90%,
26,T2,GLY,μM,China newborns (dried blood spots),MS/MS (NeoBase non-derivatized kit; Waters/AB Sciex),M,4 days to ≤5 days,158084,238.1,630.8,237.4–243.9,629.7–631.8,90%,
26,T2,GLY,μM,China newborns (dried blood spots),MS/MS (NeoBase non-derivatized kit; Waters/AB Sciex),F,4 days to ≤5 days,143631,250.0,646.3,249.3–250.7,645.2–647.6,90%,
26,T2,GLY,μM,China newborns (dried blood spots),MS/MS (NeoBase non-derivatized kit; Waters/AB Sciex),M,5 days to ≤6 days,95506,222.9,580.3,222.1–227.8,579.0–581.4,90%,
26,T2,GLY,μM,China newborns (dried blood spots),MS/MS (NeoBase non-derivatized kit; Waters/AB Sciex),F,5 days to ≤6 days,86842,232.2,592.8,231.3–233.0,591.4–594.6,90%,
26,T2,GLY,μM,China newborns (dried blood spots),MS/MS (NeoBase non-derivatized kit; Waters/AB Sciex),M,6 days to ≤7 days,58328,213.4,550.0,212.4–217.3,548.5–551.8,90%,
26,T2,GLY,μM,China newborns (dried blood spots),MS/MS (NeoBase non-derivatized kit; Waters/AB Sciex),F,6 days to ≤7 days,52592,222.5,566.8,221.5–223.6,565.5–568.6,90%,
26,T2,GLY,μM,China newborns (dried blood spots),MS/MS (NeoBase non-derivatized kit; Waters/AB Sciex),M,7 days to ≤8 days,33096,211.0,538.8,210.0–214.0,537.0–541.0,90%,
26,T2,GLY,μM,China newborns (dried blood spots),MS/MS (NeoBase non-derivatized kit; Waters/AB Sciex),F,7 days to ≤8 days,29265,218.4,554.7,217.3–219.8,552.7–557.3,90%,
26,T2,GLY,μM,China newborns (dried blood spots),MS/MS (NeoBase non-derivatized kit; Waters/AB Sciex),M,8 days to ≤9 days,24687,207.5,524.5,205.5–212.1,522.4–526.7,90%,
26,T2,GLY,μM,China newborns (dried blood spots),MS/MS (NeoBase non-derivatized kit; Waters/AB Sciex),F,8 days to ≤9 days,21780,216.7,536.4,215.3–218.4,534.2–539.1,90%,
26,T2,GLY,μM,China newborns (dried blood spots),MS/MS (NeoBase non-derivatized kit; Waters/AB Sciex),M,9 days to ≤10 days,19284,207.8,513.4,206.3–211.5,511.6–516.3,90%,
26,T2,GLY,μM,China newborns (dried blood spots),MS/MS (NeoBase non-derivatized kit; Waters/AB Sciex),F,9 days to ≤10 days,16971,213.7,526.2,211.9–215.4,523.7–528.0,90%,
26,T2,GLY,μM,China newborns (dried blood spots),MS/MS (NeoBase non-derivatized kit; Waters/AB Sciex),M,10 days to ≤11 days,14784,204.1,506.5,202.3–208.1,503.9–509.2,90%,
26,T2,GLY,μM,China newborns (dried blood spots),MS/MS (NeoBase non-derivatized kit; Waters/AB Sciex),F,10 days to ≤11 days,13016,212.6,515.2,210.6–214.1,513.2–518.9,90%,
26,T2,GLY,μM,China newborns (dried blood spots),MS/MS (NeoBase non-derivatized kit; Waters/AB Sciex),M,11 days to ≤12 days,13520,201.0,487.7,199.1–204.2,483.8–490.6,90%,
26,T2,GLY,μM,China newborns (dried blood spots),MS/MS (NeoBase non-derivatized kit; Waters/AB Sciex),F,11 days to ≤12 days,11882,206.3,494.8,204.0–208.1,492.4–497.3,90%,
26,T2,GLY,μM,China newborns (dried blood spots),MS/MS (NeoBase non-derivatized kit; Waters/AB Sciex),M,12 days to ≤13 days,11973,201.9,484.2,200.4–205.8,481.6–486.2,90%,
26,T2,GLY,μM,China newborns (dried blood spots),MS/MS (NeoBase non-derivatized kit; Waters/AB Sciex),F,12 days to ≤13 days,10764,207.9,494.4,206.2–210.7,491.2–497.8,90%,
26,T2,GLY,μM,China newborns (dried blood spots),MS/MS (NeoBase non-derivatized kit; Waters/AB Sciex),M,13 days to ≤14 days,10879,198.7,479.3,197.4–201.8,477.0–481.5,90%,
26,T2,GLY,μM,China newborns (dried blood spots),MS/MS (NeoBase non-derivatized kit; Waters/AB Sciex),F,13 days to ≤14 days,9688,204.7,482.0,203.2–206.5,478.9–484.9,90%,
26,T2,LEU/ILE/ALLO-ILE/PRO-OH,μM,China newborns (dried blood spots),MS/MS (NeoBase non-derivatized kit; Waters/AB Sciex),M,0 to ≤1 day,16934,61.2,195.0,60.8–61.9,193.5–196.1,90%,
26,T2,LEU/ILE/ALLO-ILE/PRO-OH,μM,China newborns (dried blood spots),MS/MS (NeoBase non-derivatized kit; Waters/AB Sciex),F,0 to ≤1 day,16934,61.2,195.0,60.8–61.9,193.5–196.1,90%,
26,T2,LEU/ILE/ALLO-ILE/PRO-OH,μM,China newborns (dried blood spots),MS/MS (NeoBase non-derivatized kit; Waters/AB Sciex),M,1 day to ≤2 days,113894,76.0,210.5,75.6–76.2,210.1–210.9,90%,
26,T2,LEU/ILE/ALLO-ILE/PRO-OH,μM,China newborns (dried blood spots),MS/MS (NeoBase non-derivatized kit; Waters/AB Sciex),F,1 day to ≤2 days,103619,76.8,214.8,76.5–77.1,214.3–215.3,90%,
26,T2,LEU/ILE/ALLO-ILE/PRO-OH,μM,China newborns (dried blood spots),MS/MS (NeoBase non-derivatized kit; Waters/AB Sciex),M,2 days to ≤3 days,1055947,92.0,229.4,91.9–93.1,229.3–229.6,90%,
26,T2,LEU/ILE/ALLO-ILE/PRO-OH,μM,China newborns (dried blood spots),MS/MS (NeoBase non-derivatized kit; Waters/AB Sciex),F,2 days to ≤3 days,966309,94.5,234.7,94.4–94.6,234.5–234.9,90%,
26,T2,LEU/ILE/ALLO-ILE/PRO-OH,μM,China newborns (dried blood spots),MS/MS (NeoBase non-derivatized kit; Waters/AB Sciex),M,3 days to ≤4 days,801425,98.2,245.7,98.1–99.4,245.5–245.9,90%,
26,T2,LEU/ILE/ALLO-ILE/PRO-OH,μM,China newborns (dried blood spots),MS/MS (NeoBase non-derivatized kit; Waters/AB Sciex),F,3 days to ≤4 days,729610,101.3,250.9,101.2–101.4,250.7–251.1,90%,
26,T2,LEU/ILE/ALLO-ILE/PRO-OH,μM,China newborns (dried blood spots),MS/MS (NeoBase non-derivatized kit; Waters/AB Sciex),M,4 days to ≤5 days,158196,97.6,257.6,97.3–98.9,257.2–258.1,90%,
26,T2,LEU/ILE/ALLO-ILE/PRO-OH,μM,China newborns (dried blood spots),MS/MS (NeoBase non-derivatized kit; Waters/AB Sciex),F,4 days to ≤5 days,143037,100.2,262.2,99.8–100.5,261.7–262.7,90%,
26,T2,LEU/ILE/ALLO-ILE/PRO-OH,μM,China newborns (dried blood spots),MS/MS (NeoBase non-derivatized kit; Waters/AB Sciex),M,5 days to ≤6 days,96026,99.0,268.8,98.6–100.4,268.2–269.4,90%,
26,T2,LEU/ILE/ALLO-ILE/PRO-OH,μM,China newborns (dried blood spots),MS/MS (NeoBase non-derivatized kit; Waters/AB Sciex),F,5 days to ≤6 days,86576,101.9,274.0,101.5–102.2,273.5–274.7,90%,
26,T2,LEU/ILE/ALLO-ILE/PRO-OH,μM,China newborns (dried blood spots),MS/MS (NeoBase non-derivatized kit; Waters/AB Sciex),M,6 days to ≤7 days,59038,98.3,273.5,97.8–100.7,272.6–274.3,90%,
26,T2,LEU/ILE/ALLO-ILE/PRO-OH,μM,China newborns (dried blood spots),MS/MS (NeoBase non-derivatized kit; Waters/AB Sciex),F,6 days to ≤7 days,52609,101.7,278.2,101.1–102.4,277.5–279.1,90%,
26,T2,LEU/ILE/ALLO-ILE/PRO-OH,μM,China newborns (dried blood spots),MS/MS (NeoBase non-derivatized kit; Waters/AB Sciex),M,7 days to ≤8 days,33575,100.2,277.6,99.4–102.0,276.7–278.6,90%,
26,T2,LEU/ILE/ALLO-ILE/PRO-OH,μM,China newborns (dried blood spots),MS/MS (NeoBase non-derivatized kit; Waters/AB Sciex),F,7 days to ≤8 days,29328,102.5,282.0,101.6–103.3,281.0–283.3,90%,
26,T2,LEU/ILE/ALLO-ILE/PRO-OH,μM,China newborns (dried blood spots),MS/MS (NeoBase non-derivatized kit; Waters/AB Sciex),M,8 days to ≤9 days,25098,100.4,277.5,99.7–102.2,276.2–278.6,90%,
26,T2,LEU/ILE/ALLO-ILE/PRO-OH,μM,China newborns (dried blood spots),MS/MS (NeoBase non-derivatized kit; Waters/AB Sciex),F,8 days to ≤9 days,21809,103.6,284.4,103.0–104.2,282.8–285.9,90%,
26,T2,LEU/ILE/ALLO-ILE/PRO-OH,μM,China newborns (dried blood spots),MS/MS (NeoBase non-derivatized kit; Waters/AB Sciex),M,9days to ≤10 days ( ij ),19623,100.4,277.3,99.7–103.2,276.1–278.4,90%,
26,T2,LEU/ILE/ALLO-ILE/PRO-OH,μM,China newborns (dried blood spots),MS/MS (NeoBase non-derivatized kit; Waters/AB Sciex),F,9days to ≤10 days ( ij ),17052,104.9,282.7,104.0–105.9,281.4–284.2,90%,
26,T2,LEU/ILE/ALLO-ILE/PRO-OH,μM,China newborns (dried blood spots),MS/MS (NeoBase non-derivatized kit; Waters/AB Sciex),M,10 days to ≤11 days ( ij ),15166,101.3,276.6,100.5–103.5,274.9–278.0,90%,
26,T2,LEU/ILE/ALLO-ILE/PRO-OH,μM,China newborns (dried blood spots),MS/MS (NeoBase non-derivatized kit; Waters/AB Sciex),F,10 days to ≤11 days ( ij ),13113,105.1,284.2,103.7–105.9,282.8–285.7,90%,
26,T2,LEU/ILE/ALLO-ILE/PRO-OH,μM,China newborns (dried blood spots),MS/MS (NeoBase non-derivatized kit; Waters/AB Sciex),M,11 days to ≤12 days ( ik ),13970,101.5,273.6,100.4–103.8,272.0–274.6,90%,
26,T2,LEU/ILE/ALLO-ILE/PRO-OH,μM,China newborns (dried blood spots),MS/MS (NeoBase non-derivatized kit; Waters/AB Sciex),F,11 days to ≤12 days ( ik ),12100,105.2,282.0,104.0–106.8,280.3–283.1,90%,
26,T2,LEU/ILE/ALLO-ILE/PRO-OH,μM,China newborns (dried blood spots),MS/MS (NeoBase non-derivatized kit; Waters/AB Sciex),M,12 days to ≤13 days ( jk ),12372,100.3,275.5,99.3–103.3,274.0–277.3,90%,
26,T2,LEU/ILE/ALLO-ILE/PRO-OH,μM,China newborns (dried blood spots),MS/MS (NeoBase non-derivatized kit; Waters/AB Sciex),F,12 days to ≤13 days ( jk ),10959,106.3,281.2,105.2–107.4,279.4–282.2,90%,
26,T2,LEU/ILE/ALLO-ILE/PRO-OH,μM,China newborns (dried blood spots),MS/MS (NeoBase non-derivatized kit; Waters/AB Sciex),M,13 days to ≤14 days,11362,102.5,274.2,100.9–105.8,272.2–275.7,90%,
26,T2,LEU/ILE/ALLO-ILE/PRO-OH,μM,China newborns (dried blood spots),MS/MS (NeoBase non-derivatized kit; Waters/AB Sciex),F,13 days to ≤14 days,9966,104.6,281.8,102.7–105.5,279.9–283.0,90%,
26,T2,MET,μM,China newborns (dried blood spots),MS/MS (NeoBase non-derivatized kit; Waters/AB Sciex),M,0 to ≤1 day,19894,11.7,31.0,11.6–11.8,30.8–31.1,90%,
26,T2,MET,μM,China newborns (dried blood spots),MS/MS (NeoBase non-derivatized kit; Waters/AB Sciex),F,0 to ≤1 day,19894,11.7,31.0,11.6–11.8,30.8–31.1,90%,
26,T2,MET,μM,China newborns (dried blood spots),MS/MS (NeoBase non-derivatized kit; Waters/AB Sciex),M,1 day to ≤2 days,116118,10.5,31.0,10.4–10.5,31.0–31.1,90%,
26,T2,MET,μM,China newborns (dried blood spots),MS/MS (NeoBase non-derivatized kit; Waters/AB Sciex),F,1 day to ≤2 days,105323,10.8,32.4,10.7–10.9,32.3–32.5,90%,
26,T2,MET,μM,China newborns (dried blood spots),MS/MS (NeoBase non-derivatized kit; Waters/AB Sciex),M,2 days to ≤3 days,1054481,9.0,30.5,9.0–9.0,30.5–30.5,90%,
26,T2,MET,μM,China newborns (dried blood spots),MS/MS (NeoBase non-derivatized kit; Waters/AB Sciex),F,2 days to ≤3 days,965052,9.5,31.8,9.5–9.5,31.8–31.8,90%,
26,T2,MET,μM,China newborns (dried blood spots),MS/MS (NeoBase non-derivatized kit; Waters/AB Sciex),M,3 days to ≤4 days,800415,9.0,31.3,9.0–9.0,31.3–31.3,90%,
26,T2,MET,μM,China newborns (dried blood spots),MS/MS (NeoBase non-derivatized kit; Waters/AB Sciex),F,3 days to ≤4 days,729270,9.6,32.7,9.6–9.6,32.7–32.8,90%,
26,T2,MET,μM,China newborns (dried blood spots),MS/MS (NeoBase non-derivatized kit; Waters/AB Sciex),M,4 days to ≤5 days,158368,8.7,30.5,8.7–8.8,30.4–30.6,90%,
26,T2,MET,μM,China newborns (dried blood spots),MS/MS (NeoBase non-derivatized kit; Waters/AB Sciex),F,4 days to ≤5 days,143444,9.2,31.8,9.1–9.2,31.7–31.9,90%,
26,T2,MET,μM,China newborns (dried blood spots),MS/MS (NeoBase non-derivatized kit; Waters/AB Sciex),M,5 days to ≤6 days,96333,8.5,29.9,8.5–8.6,29.9–30.0,90%,
26,T2,MET,μM,China newborns (dried blood spots),MS/MS (NeoBase non-derivatized kit; Waters/AB Sciex),F,5 days to ≤6 days,87247,9.0,31.1,9.0–9.0,31.0–31.1,90%,
26,T2,MET,μM,China newborns (dried blood spots),MS/MS (NeoBase non-derivatized kit; Waters/AB Sciex),M,6 days to ≤7 days,59410,8.7,30.0,8.6–8.7,29.9–30.1,90%,
26,T2,MET,μM,China newborns (dried blood spots),MS/MS (NeoBase non-derivatized kit; Waters/AB Sciex),F,6 days to ≤7 days,53126,9.0,30.8,8.9–9.0,30.7–30.9,90%,
26,T2,MET,μM,China newborns (dried blood spots),MS/MS (NeoBase non-derivatized kit; Waters/AB Sciex),M,7 days to ≤8 days,33839,8.9,30.7,8.9–9.0,30.6–30.9,90%,
26,T2,MET,μM,China newborns (dried blood spots),MS/MS (NeoBase non-derivatized kit; Waters/AB Sciex),F,7 days to ≤8 days,29756,9.2,31.3,9.1–9.3,31.2–31.5,90%,
26,T2,MET,μM,China newborns (dried blood spots),MS/MS (NeoBase non-derivatized kit; Waters/AB Sciex),M,8 days to ≤9 days,25370,9.0,31.4,8.9–9.1,31.3–31.6,90%,
26,T2,MET,μM,China newborns (dried blood spots),MS/MS (NeoBase non-derivatized kit; Waters/AB Sciex),F,8 days to ≤9 days,22141,9.6,32.2,9.5–9.7,32.0–32.4,90%,
26,T2,MET,μM,China newborns (dried blood spots),MS/MS (NeoBase non-derivatized kit; Waters/AB Sciex),M,9 days to ≤10 days,19833,9.3,32.4,9.2–9.5,32.2–32.5,90%,
26,T2,MET,μM,China newborns (dried blood spots),MS/MS (NeoBase non-derivatized kit; Waters/AB Sciex),F,9 days to ≤10 days,17301,9.7,33.0,9.5–9.9,32.9–33.2,90%,
26,T2,MET,μM,China newborns (dried blood spots),MS/MS (NeoBase non-derivatized kit; Waters/AB Sciex),M,10 days to ≤11 days,15292,9.5,33.3,9.4–9.7,33.1–33.6,90%,
26,T2,MET,μM,China newborns (dried blood spots),MS/MS (NeoBase non-derivatized kit; Waters/AB Sciex),F,10 days to ≤11 days,13286,9.8,33.7,9.7–10.0,33.4–33.9,90%,
26,T2,MET,μM,China newborns (dried blood spots),MS/MS (NeoBase non-derivatized kit; Waters/AB Sciex),M,11 days to ≤12 days,14085,9.9,33.5,9.9–10.1,33.2–33.7,90%,
26,T2,MET,μM,China newborns (dried blood spots),MS/MS (NeoBase non-derivatized kit; Waters/AB Sciex),F,11 days to ≤12 days,12208,9.9,34.2,9.8–10.1,34.0–34.5,90%,
26,T2,MET,μM,China newborns (dried blood spots),MS/MS (NeoBase non-derivatized kit; Waters/AB Sciex),M,12 days to ≤13 days,12442,10.0,34.2,9.8–10.1,34.0–34.4,90%,
26,T2,MET,μM,China newborns (dried blood spots),MS/MS (NeoBase non-derivatized kit; Waters/AB Sciex),F,12 days to ≤13 days,11069,10.2,34.8,10.0–10.4,34.5–35.1,90%,
26,T2,MET,μM,China newborns (dried blood spots),MS/MS (NeoBase non-derivatized kit; Waters/AB Sciex),M,13 days to ≤14 days,11418,10.0,34.9,9.9–10.2,34.6–35.1,90%,
26,T2,MET,μM,China newborns (dried blood spots),MS/MS (NeoBase non-derivatized kit; Waters/AB Sciex),F,13 days to ≤14 days,10050,10.5,35.2,10.3–10.6,34.9–35.4,90%,
26,T2,ORN,μM,China newborns (dried blood spots),MS/MS (NeoBase non-derivatized kit; Waters/AB Sciex),M,0 to ≤1 day,9480,42.9,149.6,42.4–43.2,147.9–150.4,90%,
26,T2,ORN,μM,China newborns (dried blood spots),MS/MS (NeoBase non-derivatized kit; Waters/AB Sciex),F,0 to ≤1 day,8768,43.3,145.0,42.9–43.9,143.8–145.8,90%,
26,T2,ORN,μM,China newborns (dried blood spots),MS/MS (NeoBase non-derivatized kit; Waters/AB Sciex),M,1 day to ≤2 days,112878,50.0,169.7,49.9–49.3,169.3–170.2,90%,
26,T2,ORN,μM,China newborns (dried blood spots),MS/MS (NeoBase non-derivatized kit; Waters/AB Sciex),F,1 day to ≤2 days,102396,49.6,169.0,49.4–49.7,168.7–169.4,90%,
26,T2,ORN,μM,China newborns (dried blood spots),MS/MS (NeoBase non-derivatized kit; Waters/AB Sciex),M,2 days to ≤3 days,1049193,61.1,205.3,61.0–61.1,205.2–205.5,90%,
26,T2,ORN,μM,China newborns (dried blood spots),MS/MS (NeoBase non-derivatized kit; Waters/AB Sciex),F,2 days to ≤3 days,961443,61.7,202.0,61.7–61.8,201.9–202.2,90%,
26,T2,ORN,μM,China newborns (dried blood spots),MS/MS (NeoBase non-derivatized kit; Waters/AB Sciex),M,3 days to ≤4 days,798075,67.2,219.4,67.1–67.3,219.2–219.5,90%,
26,T2,ORN,μM,China newborns (dried blood spots),MS/MS (NeoBase non-derivatized kit; Waters/AB Sciex),F,3 days to ≤4 days,728161,68.5,218.1,68.4–68.6,217.9–218.3,90%,
26,T2,ORN,μM,China newborns (dried blood spots),MS/MS (NeoBase non-derivatized kit; Waters/AB Sciex),M,4 days to ≤5 days,158479,66.2,212.1,65.9–66.4,211.7–212.5,90%,
26,T2,ORN,μM,China newborns (dried blood spots),MS/MS (NeoBase non-derivatized kit; Waters/AB Sciex),F,4 days to ≤5 days,143683,67.3,212.3,67.0–67.5,211.8–212.6,90%,
26,T2,ORN,μM,China newborns (dried blood spots),MS/MS (NeoBase non-derivatized kit; Waters/AB Sciex),M,5 days to ≤6 days,96493,64.2,208.7,63.9–65.5,208.3–209.3,90%,
26,T2,ORN,μM,China newborns (dried blood spots),MS/MS (NeoBase non-derivatized kit; Waters/AB Sciex),F,5 days to ≤6 days,87300,65.6,207.5,65.3–65.9,207.0–208.1,90%,
26,T2,ORN,μM,China newborns (dried blood spots),MS/MS (NeoBase non-derivatized kit; Waters/AB Sciex),M,6 days to ≤7 days,59402,61.8,200.6,61.5–62.3,200.0–201.1,90%,
26,T2,ORN,μM,China newborns (dried blood spots),MS/MS (NeoBase non-derivatized kit; Waters/AB Sciex),F,6 days to ≤7 days,53184,63.0,200.4,62.6–63.4,199.8–201.1,90%,
26,T2,ORN,μM,China newborns (dried blood spots),MS/MS (NeoBase non-derivatized kit; Waters/AB Sciex),M,7 days to ≤8 days,33810,61.4,198.0,60.8–62.9,197.2–199.0,90%,
26,T2,ORN,μM,China newborns (dried blood spots),MS/MS (NeoBase non-derivatized kit; Waters/AB Sciex),F,7 days to ≤8 days,29639,61.9,196.2,61.4–62.5,195.5–197.0,90%,
26,T2,ORN,μM,China newborns (dried blood spots),MS/MS (NeoBase non-derivatized kit; Waters/AB Sciex),M,8 days to ≤9 days ( chi ),47369,61.8,196.7,61.2–62.2,196.2–197.4,90%,
26,T2,ORN,μM,China newborns (dried blood spots),MS/MS (NeoBase non-derivatized kit; Waters/AB Sciex),F,8 days to ≤9 days ( chi ),47369,61.8,196.7,61.2–62.2,196.2–197.4,90%,
26,T2,ORN,μM,China newborns (dried blood spots),MS/MS (NeoBase non-derivatized kit; Waters/AB Sciex),M,9 days to ≤10 days,37062,63.0,195.8,62.4–63.3,195.2–196.5,90%,
26,T2,ORN,μM,China newborns (dried blood spots),MS/MS (NeoBase non-derivatized kit; Waters/AB Sciex),F,9 days to ≤10 days,37062,63.0,195.8,62.4–63.3,195.2–196.5,90%,
26,T2,ORN,μM,China newborns (dried blood spots),MS/MS (NeoBase non-derivatized kit; Waters/AB Sciex),M,10 days to ≤11 days ( gk ),28618,63.8,198.6,63.4–64.4,197.6–199.5,90%,
26,T2,ORN,μM,China newborns (dried blood spots),MS/MS (NeoBase non-derivatized kit; Waters/AB Sciex),F,10 days to ≤11 days ( gk ),28618,63.8,198.6,63.4–64.4,197.6–199.5,90%,
26,T2,ORN,μM,China newborns (dried blood spots),MS/MS (NeoBase non-derivatized kit; Waters/AB Sciex),M,11 days to ≤12 days,14093,64.1,199.4,63.3–64.9,198.4–200.2,90%,
26,T2,ORN,μM,China newborns (dried blood spots),MS/MS (NeoBase non-derivatized kit; Waters/AB Sciex),F,11 days to ≤12 days,12229,64.1,195.2,63.1–64.9,194.0–196.3,90%,
26,T2,ORN,μM,China newborns (dried blood spots),MS/MS (NeoBase non-derivatized kit; Waters/AB Sciex),M,12 days to ≤13 days,23587,66.5,200.4,65.9–67.2,199.5–201.8,90%,
26,T2,ORN,μM,China newborns (dried blood spots),MS/MS (NeoBase non-derivatized kit; Waters/AB Sciex),F,12 days to ≤13 days,23587,66.5,200.4,65.9–67.2,199.5–201.8,90%,
26,T2,ORN,μM,China newborns (dried blood spots),MS/MS (NeoBase non-derivatized kit; Waters/AB Sciex),M,13 days to ≤14 days,21545,67.5,200.0,67.0–68.0,199.0–200.8,90%,
26,T2,ORN,μM,China newborns (dried blood spots),MS/MS (NeoBase non-derivatized kit; Waters/AB Sciex),F,13 days to ≤14 days,21545,67.5,200.0,67.0–68.0,199.0–200.8,90%,
26,T2,PEH,μM,China newborns (dried blood spots),MS/MS (NeoBase non-derivatized kit; Waters/AB Sciex),M,0 to ≤1 day,10289,37.3,75.3,37.0–37.6,74.8–75.7,90%,
26,T2,PEH,μM,China newborns (dried blood spots),MS/MS (NeoBase non-derivatized kit; Waters/AB Sciex),F,0 to ≤1 day,9566,36.6,73.6,36.3–37.0,73.2–74.0,90%,
26,T2,PEH,μM,China newborns (dried blood spots),MS/MS (NeoBase non-derivatized kit; Waters/AB Sciex),M,1 day to ≤2 days,221146,34.7,74.2,34.7–34.8,74.1–74.3,90%,
26,T2,PEH,μM,China newborns (dried blood spots),MS/MS (NeoBase non-derivatized kit; Waters/AB Sciex),F,1 day to ≤2 days,221146,34.7,74.2,34.7–34.8,74.1–74.3,90%,
26,T2,PEH,μM,China newborns (dried blood spots),MS/MS (NeoBase non-derivatized kit; Waters/AB Sciex),M,2 days to ≤3 days,1053903,35.4,78.5,35.3–35.4,78.4–78.5,90%,
26,T2,PEH,μM,China newborns (dried blood spots),MS/MS (NeoBase non-derivatized kit; Waters/AB Sciex),F,2 days to ≤3 days,963641,35.5,78.9,35.4–35.5,78.8–78.9,90%,
26,T2,PEH,μM,China newborns (dried blood spots),MS/MS (NeoBase non-derivatized kit; Waters/AB Sciex),M,3 days to ≤4 days,799887,34.8,78.0,34.8–34.8,78.0–78.1,90%,
26,T2,PEH,μM,China newborns (dried blood spots),MS/MS (NeoBase non-derivatized kit; Waters/AB Sciex),F,3 days to ≤4 days,728624,34.9,78.2,34.9–35.0,78.2–78.3,90%,
26,T2,PEH,μM,China newborns (dried blood spots),MS/MS (NeoBase non-derivatized kit; Waters/AB Sciex),M,4 days to ≤5 days,157689,32.0,73.2,31.9–32.1,73.1–73.4,90%,
26,T2,PEH,μM,China newborns (dried blood spots),MS/MS (NeoBase non-derivatized kit; Waters/AB Sciex),F,4 days to ≤5 days,142792,32.1,73.6,32.0–32.2,73.5–73.7,90%,
26,T2,PEH,μM,China newborns (dried blood spots),MS/MS (NeoBase non-derivatized kit; Waters/AB Sciex),M,5 days to ≤6 days,95700,31.1,72.7,31.0–31.2,72.6–72.9,90%,
26,T2,PEH,μM,China newborns (dried blood spots),MS/MS (NeoBase non-derivatized kit; Waters/AB Sciex),F,5 days to ≤6 days,86626,31.4,72.6,31.3–31.5,72.5–72.8,90%,
26,T2,PEH,μM,China newborns (dried blood spots),MS/MS (NeoBase non-derivatized kit; Waters/AB Sciex),M,6 days to ≤7 days,58792,30.4,71.9,30.2–30.5,71.8–72.2,90%,
26,T2,PEH,μM,China newborns (dried blood spots),MS/MS (NeoBase non-derivatized kit; Waters/AB Sciex),F,6 days to ≤7 days,52598,30.7,71.9,30.6–30.9,71.7–72.1,90%,
26,T2,PEH,μM,China newborns (dried blood spots),MS/MS (NeoBase non-derivatized kit; Waters/AB Sciex),M,7 days to ≤8 days,33366,30.0,71.5,29.8–30.1,71.2–71.8,90%,
26,T2,PEH,μM,China newborns (dried blood spots),MS/MS (NeoBase non-derivatized kit; Waters/AB Sciex),F,7 days to ≤8 days,29279,30.1,72.3,29.9–30.3,72.1–72.6,90%,
26,T2,PEH,μM,China newborns (dried blood spots),MS/MS (NeoBase non-derivatized kit; Waters/AB Sciex),M,8 days to ≤9 days,24907,29.6,71.1,29.5–30.9,70.9–71.3,90%,
26,T2,PEH,μM,China newborns (dried blood spots),MS/MS (NeoBase non-derivatized kit; Waters/AB Sciex),F,8 days to ≤9 days,21833,30.3,72.1,29.9–30.5,71.8–72.3,90%,
26,T2,PEH,μM,China newborns (dried blood spots),MS/MS (NeoBase non-derivatized kit; Waters/AB Sciex),M,9 days to ≤10 days,19481,29.6,70.9,29.3–30.8,70.6–71.2,90%,
26,T2,PEH,μM,China newborns (dried blood spots),MS/MS (NeoBase non-derivatized kit; Waters/AB Sciex),F,9 days to ≤10 days,17056,30.1,72.0,29.8–30.3,71.8–72.4,90%,
26,T2,PEH,μM,China newborns (dried blood spots),MS/MS (NeoBase non-derivatized kit; Waters/AB Sciex),M,10 days to ≤11 days,15017,29.4,69.1,29.1–29.7,68.7–69.4,90%,
26,T2,PEH,μM,China newborns (dried blood spots),MS/MS (NeoBase non-derivatized kit; Waters/AB Sciex),F,10 days to ≤11 days,13080,29.8,70.6,29.5–30.1,70.3–70.9,90%,
26,T2,PEH,μM,China newborns (dried blood spots),MS/MS (NeoBase non-derivatized kit; Waters/AB Sciex),M,11 days to ≤12 days,13807,29.3,68.6,29.1–29.5,68.4–68.9,90%,
26,T2,PEH,μM,China newborns (dried blood spots),MS/MS (NeoBase non-derivatized kit; Waters/AB Sciex),F,11 days to ≤12 days,12052,30.0,69.5,29.8–30.4,69.1–69.8,90%,
26,T2,PEH,μM,China newborns (dried blood spots),MS/MS (NeoBase non-derivatized kit; Waters/AB Sciex),M,12 days to ≤13 days,12221,29.3,68.1,29.0–29.6,67.8–68.5,90%,
26,T2,PEH,μM,China newborns (dried blood spots),MS/MS (NeoBase non-derivatized kit; Waters/AB Sciex),F,12 days to ≤13 days,10939,30.1,70.1,29.8–30.4,69.7–70.5,90%,
26,T2,PEH,μM,China newborns (dried blood spots),MS/MS (NeoBase non-derivatized kit; Waters/AB Sciex),M,13 days to ≤14 days,11218,29.2,67.7,28.7–29.4,67.3–68.0,90%,
26,T2,PEH,μM,China newborns (dried blood spots),MS/MS (NeoBase non-derivatized kit; Waters/AB Sciex),F,13 days to ≤14 days,9947,30.3,68.7,29.9–30.5,68.3–69.1,90%,
26,T2,PRO,μM,China newborns (dried blood spots),MS/MS (NeoBase non-derivatized kit; Waters/AB Sciex),M,0 to ≤1 day,10251,109.2,237.0,108.3–108.2,235.6–238.7,90%,
26,T2,PRO,μM,China newborns (dried blood spots),MS/MS (NeoBase non-derivatized kit; Waters/AB Sciex),F,0 to ≤1 day,9471,107.4,231.7,106.6–108.4,230.3–233.2,90%,
26,T2,PRO,μM,China newborns (dried blood spots),MS/MS (NeoBase non-derivatized kit; Waters/AB Sciex),M,1 day to ≤2 days,115138,109.8,262.6,109.5–110.2,262.1–263.2,90%,
26,T2,PRO,μM,China newborns (dried blood spots),MS/MS (NeoBase non-derivatized kit; Waters/AB Sciex),F,1 day to ≤2 days,104636,110.6,264.1,110.3–111.0,263.6–264.6,90%,
26,T2,PRO,μM,China newborns (dried blood spots),MS/MS (NeoBase non-derivatized kit; Waters/AB Sciex),M,2 days to ≤3 days,1052842,120.3,294.2,120.2–121.5,294.0–294.4,90%,
26,T2,PRO,μM,China newborns (dried blood spots),MS/MS (NeoBase non-derivatized kit; Waters/AB Sciex),F,2 days to ≤3 days,963922,122.3,295.2,122.2–122.4,295.0–295.4,90%,
26,T2,PRO,μM,China newborns (dried blood spots),MS/MS (NeoBase non-derivatized kit; Waters/AB Sciex),M,3 days to ≤4 days,797965,125.3,310.4,125.1–126.4,310.1–310.6,90%,
26,T2,PRO,μM,China newborns (dried blood spots),MS/MS (NeoBase non-derivatized kit; Waters/AB Sciex),F,3 days to ≤4 days,727183,127.6,312.6,127.4–127.8,312.3–312.8,90%,
26,T2,PRO,μM,China newborns (dried blood spots),MS/MS (NeoBase non-derivatized kit; Waters/AB Sciex),M,4 days to ≤5 days,157703,119.7,310.7,119.4–121.1,310.1–311.2,90%,
26,T2,PRO,μM,China newborns (dried blood spots),MS/MS (NeoBase non-derivatized kit; Waters/AB Sciex),F,4 days to ≤5 days,143055,122.1,314.3,121.8–122.3,313.7–314.8,90%,
26,T2,PRO,μM,China newborns (dried blood spots),MS/MS (NeoBase non-derivatized kit; Waters/AB Sciex),M,5 days to ≤6 days,96029,118.5,316.5,117.9–120.9,315.8–317.1,90%,
26,T2,PRO,μM,China newborns (dried blood spots),MS/MS (NeoBase non-derivatized kit; Waters/AB Sciex),F,5 days to ≤6 days,86822,121.4,320.6,120.9–121.9,319.8–321.4,90%,
26,T2,PRO,μM,China newborns (dried blood spots),MS/MS (NeoBase non-derivatized kit; Waters/AB Sciex),M,6 days to ≤7 days,59148,117.0,316.1,116.3–119.5,315.2–317.2,90%,
26,T2,PRO,μM,China newborns (dried blood spots),MS/MS (NeoBase non-derivatized kit; Waters/AB Sciex),F,6 days to ≤7 days,52980,121.7,319.1,121.1–122.3,318.2–319.9,90%,
26,T2,PRO,μM,China newborns (dried blood spots),MS/MS (NeoBase non-derivatized kit; Waters/AB Sciex),M,7 days to ≤8 days,33731,117.4,313.8,116.7–119.1,312.5–315.0,90%,
26,T2,PRO,μM,China newborns (dried blood spots),MS/MS (NeoBase non-derivatized kit; Waters/AB Sciex),F,7 days to ≤8 days,29599,120.7,316.0,119.9–121.3,314.9–317.5,90%,
26,T2,PRO,μM,China newborns (dried blood spots),MS/MS (NeoBase non-derivatized kit; Waters/AB Sciex),M,8 days to ≤9 days ( eh ),25231,116.8,306.8,116.1–118.7,305.1–308.3,90%,
26,T2,PRO,μM,China newborns (dried blood spots),MS/MS (NeoBase non-derivatized kit; Waters/AB Sciex),F,8 days to ≤9 days ( eh ),22058,120.0,314.4,119.1–121.1,313.2–315.9,90%,
26,T2,PRO,μM,China newborns (dried blood spots),MS/MS (NeoBase non-derivatized kit; Waters/AB Sciex),M,9 days to ≤10 days ( hi ),19744,116.2,306.2,114.8–119.0,304.9–307.4,90%,
26,T2,PRO,μM,China newborns (dried blood spots),MS/MS (NeoBase non-derivatized kit; Waters/AB Sciex),F,9 days to ≤10 days ( hi ),17283,121.8,310.3,120.9–122.9,308.7–312.1,90%,
26,T2,PRO,μM,China newborns (dried blood spots),MS/MS (NeoBase non-derivatized kit; Waters/AB Sciex),M,10 days to ≤11 days ( ij ),15237,116.7,302.1,115.8–119.9,300.1–303.5,90%,
26,T2,PRO,μM,China newborns (dried blood spots),MS/MS (NeoBase non-derivatized kit; Waters/AB Sciex),F,10 days to ≤11 days ( ij ),13279,120.5,305.7,118.8–121.4,304.1–307.3,90%,
26,T2,PRO,μM,China newborns (dried blood spots),MS/MS (NeoBase non-derivatized kit; Waters/AB Sciex),M,11 days to ≤12 days ( jk ),14052,117.9,300.2,116.8–119.4,298.5–301.7,90%,
26,T2,PRO,μM,China newborns (dried blood spots),MS/MS (NeoBase non-derivatized kit; Waters/AB Sciex),F,11 days to ≤12 days ( jk ),12240,121.3,303.4,120.2–122.7,301.7–305.1,90%,
26,T2,PRO,μM,China newborns (dried blood spots),MS/MS (NeoBase non-derivatized kit; Waters/AB Sciex),M,12 days to ≤13 days,12432,117.8,299.1,116.8–119.8,297.2–300.8,90%,
26,T2,PRO,μM,China newborns (dried blood spots),MS/MS (NeoBase non-derivatized kit; Waters/AB Sciex),F,12 days to ≤13 days,11100,120.6,298.6,119.8–121.6,297.3–300.1,90%,
26,T2,PRO,μM,China newborns (dried blood spots),MS/MS (NeoBase non-derivatized kit; Waters/AB Sciex),M,13 days to ≤14 days,11413,117.6,295.9,116.2–119.3,294.3–297.6,90%,
26,T2,PRO,μM,China newborns (dried blood spots),MS/MS (NeoBase non-derivatized kit; Waters/AB Sciex),F,13 days to ≤14 days,10081,120.0,295.7,118.6–121.8,293.0–297.8,90%,
26,T2,TYR,μM,China newborns (dried blood spots),MS/MS (NeoBase non-derivatized kit; Waters/AB Sciex),M,0 to ≤1 day,10244,45.5,152.5,45.0–45.1,151.4–153.7,90%,
26,T2,TYR,μM,China newborns (dried blood spots),MS/MS (NeoBase non-derivatized kit; Waters/AB Sciex),F,0 to ≤1 day,9485,45.0,150.6,44.4–45.8,149.2–152.0,90%,
26,T2,TYR,μM,China newborns (dried blood spots),MS/MS (NeoBase non-derivatized kit; Waters/AB Sciex),M,1 day to ≤2 days,219700,45.6,162.4,45.4–45.7,162.1–162.7,90%,
26,T2,TYR,μM,China newborns (dried blood spots),MS/MS (NeoBase non-derivatized kit; Waters/AB Sciex),F,1 day to ≤2 days,219700,45.6,162.4,45.4–45.7,162.1–162.7,90%,
26,T2,TYR,μM,China newborns (dried blood spots),MS/MS (NeoBase non-derivatized kit; Waters/AB Sciex),M,2 days to ≤3 days,1050528,49.7,176.6,49.6–50.7,176.4–176.7,90%,
26,T2,TYR,μM,China newborns (dried blood spots),MS/MS (NeoBase non-derivatized kit; Waters/AB Sciex),F,2 days to ≤3 days,962728,50.7,177.6,50.6–50.8,177.5–177.7,90%,
26,T2,TYR,μM,China newborns (dried blood spots),MS/MS (NeoBase non-derivatized kit; Waters/AB Sciex),M,3 days to ≤4 days,797519,52.9,189.1,52.8–53.0,188.9–189.2,90%,
26,T2,TYR,μM,China newborns (dried blood spots),MS/MS (NeoBase non-derivatized kit; Waters/AB Sciex),F,3 days to ≤4 days,727587,54.5,193.5,54.4–54.6,193.3–193.7,90%,
26,T2,TYR,μM,China newborns (dried blood spots),MS/MS (NeoBase non-derivatized kit; Waters/AB Sciex),M,4 days to ≤5 days,157698,50.4,190.4,50.2–51.7,189.9–190.8,90%,
26,T2,TYR,μM,China newborns (dried blood spots),MS/MS (NeoBase non-derivatized kit; Waters/AB Sciex),F,4 days to ≤5 days,142924,52.4,198.2,52.2–52.7,197.8–198.6,90%,
26,T2,TYR,μM,China newborns (dried blood spots),MS/MS (NeoBase non-derivatized kit; Waters/AB Sciex),M,5 days to ≤6 days,95962,48.6,188.1,48.3–50.0,187.6–188.5,90%,
26,T2,TYR,μM,China newborns (dried blood spots),MS/MS (NeoBase non-derivatized kit; Waters/AB Sciex),F,5 days to ≤6 days,86967,50.6,196.0,50.2–50.8,195.4–196.5,90%,
26,T2,TYR,μM,China newborns (dried blood spots),MS/MS (NeoBase non-derivatized kit; Waters/AB Sciex),M,6 days to ≤7 days,59135,46.5,181.5,46.1–47.9,181.0–182.1,90%,
26,T2,TYR,μM,China newborns (dried blood spots),MS/MS (NeoBase non-derivatized kit; Waters/AB Sciex),F,6 days to ≤7 days,52983,48.8,188.0,48.5–49.3,187.4–188.6,90%,
26,T2,TYR,μM,China newborns (dried blood spots),MS/MS (NeoBase non-derivatized kit; Waters/AB Sciex),M,7 days to ≤8 days,33698,45.0,172.3,44.5–46.4,171.5–172.9,90%,
26,T2,TYR,μM,China newborns (dried blood spots),MS/MS (NeoBase non-derivatized kit; Waters/AB Sciex),F,7 days to ≤8 days,29630,47.8,180.2,47.4–48.6,179.3–181.2,90%,
26,T2,TYR,μM,China newborns (dried blood spots),MS/MS (NeoBase non-derivatized kit; Waters/AB Sciex),M,8 days to ≤9 days,25164,44.8,166.7,44.4–46.2,166.2–167.6,90%,
26,T2,TYR,μM,China newborns (dried blood spots),MS/MS (NeoBase non-derivatized kit; Waters/AB Sciex),F,8 days to ≤9 days,22130,47.6,173.2,47.1–48.1,172.7–174.2,90%,
26,T2,TYR,μM,China newborns (dried blood spots),MS/MS (NeoBase non-derivatized kit; Waters/AB Sciex),M,9 days to ≤10 days,19724,45.0,159.6,44.4–46.6,158.4–160.5,90%,
26,T2,TYR,μM,China newborns (dried blood spots),MS/MS (NeoBase non-derivatized kit; Waters/AB Sciex),F,9 days to ≤10 days,17298,48.4,167.9,47.9–49.1,167.0–168.7,90%,
26,T2,TYR,μM,China newborns (dried blood spots),MS/MS (NeoBase non-derivatized kit; Waters/AB Sciex),M,10 days to ≤11 days ( jk ),15256,45.0,157.4,44.2–46.6,156.0–158.6,90%,
26,T2,TYR,μM,China newborns (dried blood spots),MS/MS (NeoBase non-derivatized kit; Waters/AB Sciex),F,10 days to ≤11 days ( jk ),13301,48.2,166.5,47.3–49.1,165.2–167.7,90%,
26,T2,TYR,μM,China newborns (dried blood spots),MS/MS (NeoBase non-derivatized kit; Waters/AB Sciex),M,11 days to ≤12 days,14046,46.1,154.9,45.7–47.9,154.1–156.0,90%,
26,T2,TYR,μM,China newborns (dried blood spots),MS/MS (NeoBase non-derivatized kit; Waters/AB Sciex),F,11 days to ≤12 days,12242,49.0,164.9,47.9–49.9,163.9–166.6,90%,
26,T2,TYR,μM,China newborns (dried blood spots),MS/MS (NeoBase non-derivatized kit; Waters/AB Sciex),M,12 days to ≤13 days,12420,45.9,152.8,45.2–47.9,151.5–153.8,90%,
26,T2,TYR,μM,China newborns (dried blood spots),MS/MS (NeoBase non-derivatized kit; Waters/AB Sciex),F,12 days to ≤13 days,11112,49.6,164.0,49.0–50.6,162.9–165.1,90%,
26,T2,VAL,μM,China newborns (dried blood spots),MS/MS (NeoBase non-derivatized kit; Waters/AB Sciex),M,13 days to ≤14 days,11409,45.8,152.5,45.2–47.5,151.3–153.8,90%,
26,T2,VAL,μM,China newborns (dried blood spots),MS/MS (NeoBase non-derivatized kit; Waters/AB Sciex),F,13 days to ≤14 days,10070,49.3,165.5,48.5–50.3,164.3–167.2,90%,
26,T2,VAL,μM,China newborns (dried blood spots),MS/MS (NeoBase non-derivatized kit; Waters/AB Sciex),M,0 to ≤1 day,17402,56.2,161.1,55.9–56.5,160.2–161.8,90%,
26,T2,VAL,μM,China newborns (dried blood spots),MS/MS (NeoBase non-derivatized kit; Waters/AB Sciex),F,0 to ≤1 day,17402,56.2,161.1,55.9–56.5,160.2–161.8,90%,
26,T2,VAL,μM,China newborns (dried blood spots),MS/MS (NeoBase non-derivatized kit; Waters/AB Sciex),M,1 day to ≤2 days,112450,64.9,179.1,64.7–65.2,178.7–179.5,90%,
26,T2,VAL,μM,China newborns (dried blood spots),MS/MS (NeoBase non-derivatized kit; Waters/AB Sciex),F,1 day to ≤2 days,102614,66.4,184.9,66.1–66.6,184.4–185.3,90%,
26,T2,VAL,μM,China newborns (dried blood spots),MS/MS (NeoBase non-derivatized kit; Waters/AB Sciex),M,2 days to ≤3 days,1051646,79.5,204.4,79.4–80.6,204.3–204.6,90%,
26,T2,VAL,μM,China newborns (dried blood spots),MS/MS (NeoBase non-derivatized kit; Waters/AB Sciex),F,2 days to ≤3 days,962851,82.4,211.2,82.3–82.5,211.1–211.4,90%,
26,T2,VAL,μM,China newborns (dried blood spots),MS/MS (NeoBase non-derivatized kit; Waters/AB Sciex),M,3 days to ≤4 days,800721,87.4,214.9,87.2–89.5,214.8–215.1,90%,
26,T2,VAL,μM,China newborns (dried blood spots),MS/MS (NeoBase non-derivatized kit; Waters/AB Sciex),F,3 days to ≤4 days,728786,91.1,221.7,90.9–91.2,221.5–221.8,90%,
26,T2,VAL,μM,China newborns (dried blood spots),MS/MS (NeoBase non-derivatized kit; Waters/AB Sciex),M,4 days to ≤5 days,158645,87.3,216.6,87.0–88.5,216.2–216.9,90%,
26,T2,VAL,μM,China newborns (dried blood spots),MS/MS (NeoBase non-derivatized kit; Waters/AB Sciex),F,4 days to ≤5 days,143548,90.6,223.7,90.3–90.9,223.4–224.2,90%,
26,T2,VAL,μM,China newborns (dried blood spots),MS/MS (NeoBase non-derivatized kit; Waters/AB Sciex),M,5 days to ≤6 days,96537,86.9,222.8,86.6–88.2,222.3–223.3,90%,
26,T2,VAL,μM,China newborns (dried blood spots),MS/MS (NeoBase non-derivatized kit; Waters/AB Sciex),F,5 days to ≤6 days,87120,90.8,230.6,90.6–91.2,230.0–231.1,90%,
26,T2,VAL,μM,China newborns (dried blood spots),MS/MS (NeoBase non-derivatized kit; Waters/AB Sciex),M,6 days to ≤7 days,59428,84.1,225.3,83.6–86.4,224.7–225.8,90%,
26,T2,VAL,μM,China newborns (dried blood spots),MS/MS (NeoBase non-derivatized kit; Waters/AB Sciex),F,6 days to ≤7 days,53058,88.4,233.7,88.0–88.9,232.8–234.5,90%,
26,T2,VAL,μM,China newborns (dried blood spots),MS/MS (NeoBase non-derivatized kit; Waters/AB Sciex),M,7 days to ≤8 days,33775,84.0,226.5,83.2–86.6,225.8–227.2,90%,
26,T2,VAL,μM,China newborns (dried blood spots),MS/MS (NeoBase non-derivatized kit; Waters/AB Sciex),F,7 days to ≤8 days,29574,87.7,234.4,87.1–88.2,233.8–235.1,90%,
26,T2,VAL,μM,China newborns (dried blood spots),MS/MS (NeoBase non-derivatized kit; Waters/AB Sciex),M,8 days to ≤9 days,25296,83.3,224.8,82.5–85.0,224.2–225.9,90%,
26,T2,VAL,μM,China newborns (dried blood spots),MS/MS (NeoBase non-derivatized kit; Waters/AB Sciex),F,8 days to ≤9 days,22039,88.3,235.2,87.4–88.8,234.2–236.4,90%,
26,T2,VAL,μM,China newborns (dried blood spots),MS/MS (NeoBase non-derivatized kit; Waters/AB Sciex),M,9 days to ≤10 days,19771,83.0,225.5,82.3–86.9,223.9–226.5,90%,
26,T2,VAL,μM,China newborns (dried blood spots),MS/MS (NeoBase non-derivatized kit; Waters/AB Sciex),F,9 days to ≤10 days,17232,88.4,234.2,87.3–89.4,233.4–235.2,90%,
26,T2,VAL,μM,China newborns (dried blood spots),MS/MS (NeoBase non-derivatized kit; Waters/AB Sciex),M,10 days to ≤11 days,15300,83.5,222.1,82.7–85.3,220.8–222.9,90%,
26,T2,VAL,μM,China newborns (dried blood spots),MS/MS (NeoBase non-derivatized kit; Waters/AB Sciex),F,10 days to ≤11 days,13266,88.5,233.3,87.5–89.4,231.8–234.6,90%,
26,T2,VAL,μM,China newborns (dried blood spots),MS/MS (NeoBase non-derivatized kit; Waters/AB Sciex),M,11 days to ≤12 days,14075,83.1,220.9,82.1–86.1,219.7–222.7,90%,
26,T2,VAL,μM,China newborns (dried blood spots),MS/MS (NeoBase non-derivatized kit; Waters/AB Sciex),F,11 days to ≤12 days,12206,88.5,232.0,87.3–89.6,230.7–233.0,90%,
26,T2,VAL,μM,China newborns (dried blood spots),MS/MS (NeoBase non-derivatized kit; Waters/AB Sciex),M,12 days to ≤13 days ( fg ),12453,83.1,222.5,82.4–86.4,220.9–223.9,90%,
26,T2,VAL,μM,China newborns (dried blood spots),MS/MS (NeoBase non-derivatized kit; Waters/AB Sciex),F,12 days to ≤13 days ( fg ),11089,88.8,234.1,87.8–90.0,232.3–235.8,90%,
26,T2,VAL,μM,China newborns (dried blood spots),MS/MS (NeoBase non-derivatized kit; Waters/AB Sciex),M,13 days to ≤14 days,11422,83.5,220.5,82.7–85.3,219.0–222.2,90%,
26,T2,VAL,μM,China newborns (dried blood spots),MS/MS (NeoBase non-derivatized kit; Waters/AB Sciex),F,13 days to ≤14 days,10063,88.9,231.8,87.7–90.2,230.8–233.5,90%,
26,T2,C0,μM,China newborns (dried blood spots),MS/MS (NeoBase non-derivatized kit; Waters/AB Sciex),M,0 to ≤1 day,10290,10.44,33.08,10.30–10.61,32.85–33.38,90%,
26,T2,C0,μM,China newborns (dried blood spots),MS/MS (NeoBase non-derivatized kit; Waters/AB Sciex),F,0 to ≤1 day,9518,10.14,29.97,10.03–10.29,29.73–30.26,90%,
26,T2,C0,μM,China newborns (dried blood spots),MS/MS (NeoBase non-derivatized kit; Waters/AB Sciex),M,1 day to ≤2 days,115510,10.30,34.70,10.27–10.35,34.62–34.78,90%,
26,T2,C0,μM,China newborns (dried blood spots),MS/MS (NeoBase non-derivatized kit; Waters/AB Sciex),F,1 day to ≤2 days,104661,9.75,31.88,9.71–9.80,31.80–31.97,90%,
26,T2,C0,μM,China newborns (dried blood spots),MS/MS (NeoBase non-derivatized kit; Waters/AB Sciex),M,2 days to ≤3 days,1053208,11.30,37.73,11.28–10.31,37.70–37.76,90%,
26,T2,C0,μM,China newborns (dried blood spots),MS/MS (NeoBase non-derivatized kit; Waters/AB Sciex),F,2 days to ≤3 days,964639,10.65,34.69,10.64–10.66,34.66–34.71,90%,
26,T2,C0,μM,China newborns (dried blood spots),MS/MS (NeoBase non-derivatized kit; Waters/AB Sciex),M,3 days to ≤4 days,800275,11.88,38.59,11.86–11.90,38.55–38.62,90%,
26,T2,C0,μM,China newborns (dried blood spots),MS/MS (NeoBase non-derivatized kit; Waters/AB Sciex),F,3 days to ≤4 days,730370,11.09,35.64,11.07–11.11,35.60–35.67,90%,
26,T2,C0,μM,China newborns (dried blood spots),MS/MS (NeoBase non-derivatized kit; Waters/AB Sciex),M,4 days to ≤5 days,158847,11.86,38.23,11.81–11.90,38.15–38.30,90%,
26,T2,C0,μM,China newborns (dried blood spots),MS/MS (NeoBase non-derivatized kit; Waters/AB Sciex),F,4 days to ≤5 days,143909,11.05,35.71,11.01–11.09,35.64–35.77,90%,
26,T2,C0,μM,China newborns (dried blood spots),MS/MS (NeoBase non-derivatized kit; Waters/AB Sciex),M,5 days to ≤6 days,96681,11.84,38.62,11.78–11.90,38.53–38.68,90%,
26,T2,C0,μM,China newborns (dried blood spots),MS/MS (NeoBase non-derivatized kit; Waters/AB Sciex),F,5 days to ≤6 days,87461,11.20,36.37,11.12–11.26,36.29–36.47,90%,
26,T2,C0,μM,China newborns (dried blood spots),MS/MS (NeoBase non-derivatized kit; Waters/AB Sciex),M,6 days to ≤7 days,59617,11.76,38.68,11.70–11.90,38.53–38.80,90%,
26,T2,C0,μM,China newborns (dried blood spots),MS/MS (NeoBase non-derivatized kit; Waters/AB Sciex),F,6 days to ≤7 days,53315,11.22,36.42,11.13–11.28,36.31–36.51,90%,
26,T2,C0,μM,China newborns (dried blood spots),MS/MS (NeoBase non-derivatized kit; Waters/AB Sciex),M,7 days to ≤8 days,33928,11.78,39.12,11.70–11.91,38.89–39.30,90%,
26,T2,C0,μM,China newborns (dried blood spots),MS/MS (NeoBase non-derivatized kit; Waters/AB Sciex),F,7 days to ≤8 days,29758,11.28,37.26,11.17–11.39,37.10–37.38,90%,
26,T2,C0,μM,China newborns (dried blood spots),MS/MS (NeoBase non-derivatized kit; Waters/AB Sciex),M,8 days to ≤9 days,25400,12.09,39.70,11.95–11.20,39.54–39.86,90%,
26,T2,C0,μM,China newborns (dried blood spots),MS/MS (NeoBase non-derivatized kit; Waters/AB Sciex),F,8 days to ≤9 days,22199,11.67,37.88,11.56–11.82,37.67–38.11,90%,
26,T2,C0,μM,China newborns (dried blood spots),MS/MS (NeoBase non-derivatized kit; Waters/AB Sciex),M,9 days to ≤10 days,19846,12.07,40.35,11.91–11.14,40.15–40.59,90%,
26,T2,C0,μM,China newborns (dried blood spots),MS/MS (NeoBase non-derivatized kit; Waters/AB Sciex),F,9 days to ≤10 days,17339,11.52,38.46,11.36–11.64,38.26–38.75,90%,
26,T2,C0,μM,China newborns (dried blood spots),MS/MS (NeoBase non-derivatized kit; Waters/AB Sciex),M,10 days to ≤11 days,15313,12.14,40.88,11.96–12.29,40.68–41.12,90%,
26,T2,C0,μM,China newborns (dried blood spots),MS/MS (NeoBase non-derivatized kit; Waters/AB Sciex),F,10 days to ≤11 days,13330,11.80,39.07,11.60–11.98,38.87–39.33,90%,
26,T2,C0,μM,China newborns (dried blood spots),MS/MS (NeoBase non-derivatized kit; Waters/AB Sciex),M,11 days to ≤12 days,14104,12.35,41.02,12.19–12.48,40.75–41.22,90%,
26,T2,C0,μM,China newborns (dried blood spots),MS/MS (NeoBase non-derivatized kit; Waters/AB Sciex),F,11 days to ≤12 days,12284,12.15,39.69,11.96–12.31,39.33–39.98,90%,
26,T2,C0,μM,China newborns (dried blood spots),MS/MS (NeoBase non-derivatized kit; Waters/AB Sciex),M,12 days to ≤13 days,12475,12.71,41.39,12.52–12.89,41.04–41.69,90%,
26,T2,C0,μM,China newborns (dried blood spots),MS/MS (NeoBase non-derivatized kit; Waters/AB Sciex),F,12 days to ≤13 days,11122,12.56,39.89,12.27–12.83,39.66–40.14,90%,
26,T2,C0,μM,China newborns (dried blood spots),MS/MS (NeoBase non-derivatized kit; Waters/AB Sciex),M,13 days to ≤14 days,11464,12.97,41.95,12.78–13.20,41.71–42.33,90%,
26,T2,C0,μM,China newborns (dried blood spots),MS/MS (NeoBase non-derivatized kit; Waters/AB Sciex),F,13 days to ≤14 days,10097,12.83,40.46,12.65–13.17,40.18–40.77,90%,
26,T2,C2,μM,China newborns (dried blood spots),MS/MS (NeoBase non-derivatized kit; Waters/AB Sciex),M,0 to ≤1 day,10275,9.38,31.23,9.21–9.53,31.00–31.49,90%,
26,T2,C2,μM,China newborns (dried blood spots),MS/MS (NeoBase non-derivatized kit; Waters/AB Sciex),F,0 to ≤1 day,9550,8.90,28.44,8.70–9.07,28.17–28.74,90%,
26,T2,C2,μM,China newborns (dried blood spots),MS/MS (NeoBase non-derivatized kit; Waters/AB Sciex),M,1 day to ≤2 days,115029,9.72,32.83,9.66–9.77,32.77–32.91,90%,
26,T2,C2,μM,China newborns (dried blood spots),MS/MS (NeoBase non-derivatized kit; Waters/AB Sciex),F,1 day to ≤2 days,105003,8.99,30.43,8.93–9.04,30.34–30.51,90%,
26,T2,C2,μM,China newborns (dried blood spots),MS/MS (NeoBase non-derivatized kit; Waters/AB Sciex),M,2 days to ≤3 days,1045982,8.78,32.74,8.75–8.80,32.71–32.76,90%,
26,T2,C2,μM,China newborns (dried blood spots),MS/MS (NeoBase non-derivatized kit; Waters/AB Sciex),F,2 days to ≤3 days,960681,8.17,30.42,8.15–8.19,30.40–30.45,90%,
26,T2,C2,μM,China newborns (dried blood spots),MS/MS (NeoBase non-derivatized kit; Waters/AB Sciex),M,3 days to ≤4 days,797123,8.41,30.77,8.39–8.43,30.75–30.80,90%,
26,T2,C2,μM,China newborns (dried blood spots),MS/MS (NeoBase non-derivatized kit; Waters/AB Sciex),F,3 days to ≤4 days,727829,7.91,28.87,7.89–7.93,28.84–28.90,90%,
26,T2,C2,μM,China newborns (dried blood spots),MS/MS (NeoBase non-derivatized kit; Waters/AB Sciex),M,4 days to ≤5 days,158368,7.35,26.91,7.30–7.39,26.85–26.97,90%,
26,T2,C2,μM,China newborns (dried blood spots),MS/MS (NeoBase non-derivatized kit; Waters/AB Sciex),F,4 days to ≤5 days,143392,7.00,25.43,6.96–7.02,25.38–25.49,90%,
26,T2,C2,μM,China newborns (dried blood spots),MS/MS (NeoBase non-derivatized kit; Waters/AB Sciex),M,5 days to ≤6 days,96345,6.61,24.29,6.56–6.67,24.22–24.34,90%,
26,T2,C2,μM,China newborns (dried blood spots),MS/MS (NeoBase non-derivatized kit; Waters/AB Sciex),F,5 days to ≤6 days,86967,6.37,23.15,6.31–6.42,23.09–23.20,90%,
26,T2,C2,μM,China newborns (dried blood spots),MS/MS (NeoBase non-derivatized kit; Waters/AB Sciex),M,6 days to ≤7 days,59143,5.99,21.82,5.97–5.04,21.77–21.90,90%,
26,T2,C2,μM,China newborns (dried blood spots),MS/MS (NeoBase non-derivatized kit; Waters/AB Sciex),F,6 days to ≤7 days,52725,5.83,20.89,5.77–5.88,20.84–20.95,90%,
26,T2,C2,μM,China newborns (dried blood spots),MS/MS (NeoBase non-derivatized kit; Waters/AB Sciex),M,7 days to ≤8 days,33407,5.43,20.25,5.34–5.52,20.14–20.32,90%,
26,T2,C2,μM,China newborns (dried blood spots),MS/MS (NeoBase non-derivatized kit; Waters/AB Sciex),F,7 days to ≤8 days,29210,5.31,19.53,5.25–5.37,19.45–19.61,90%,
26,T2,C2,μM,China newborns (dried blood spots),MS/MS (NeoBase non-derivatized kit; Waters/AB Sciex),M,8 days to ≤9 days,24792,5.06,19.00,5.01–5.12,18.92–19.08,90%,
26,T2,C2,μM,China newborns (dried blood spots),MS/MS (NeoBase non-derivatized kit; Waters/AB Sciex),F,8 days to ≤9 days,21616,5.00,18.53,4.94–5.06,18.41–18.62,90%,
26,T2,C2,μM,China newborns (dried blood spots),MS/MS (NeoBase non-derivatized kit; Waters/AB Sciex),M,9 days to ≤10 days,19295,4.92,18.43,4.84–5.00,18.32–18.54,90%,
26,T2,C2,μM,China newborns (dried blood spots),MS/MS (NeoBase non-derivatized kit; Waters/AB Sciex),F,9 days to ≤10 days,16762,4.85,17.50,4.78–4.92,17.36–17.60,90%,
26,T2,C2,μM,China newborns (dried blood spots),MS/MS (NeoBase non-derivatized kit; Waters/AB Sciex),M,10 days to ≤11 days,14819,4.82,17.67,4.73–4.95,17.54–17.80,90%,
26,T2,C2,μM,China newborns (dried blood spots),MS/MS (NeoBase non-derivatized kit; Waters/AB Sciex),F,10 days to ≤11 days,12811,4.70,17.05,4.59–4.75,16.92–17.13,90%,
26,T2,C2,μM,China newborns (dried blood spots),MS/MS (NeoBase non-derivatized kit; Waters/AB Sciex),M,11 days to ≤12 days,13642,4.79,17.38,4.70–4.85,17.28–17.52,90%,
26,T2,C2,μM,China newborns (dried blood spots),MS/MS (NeoBase non-derivatized kit; Waters/AB Sciex),F,11 days to ≤12 days,11785,4.70,16.61,4.61–4.81,16.49–16.75,90%,
26,T2,C2,μM,China newborns (dried blood spots),MS/MS (NeoBase non-derivatized kit; Waters/AB Sciex),M,12 days to ≤13 days ( kl ),12108,4.92,17.44,4.84–5.03,17.33–17.55,90%,
26,T2,C2,μM,China newborns (dried blood spots),MS/MS (NeoBase non-derivatized kit; Waters/AB Sciex),F,12 days to ≤13 days ( kl ),10674,4.64,16.43,4.50–4.71,16.26–16.57,90%,
26,T2,C2,μM,China newborns (dried blood spots),MS/MS (NeoBase non-derivatized kit; Waters/AB Sciex),M,13 days to ≤14 days ( kl ),11127,4.96,17.34,4.90–5.06,17.24–17.47,90%,
26,T2,C2,μM,China newborns (dried blood spots),MS/MS (NeoBase non-derivatized kit; Waters/AB Sciex),F,13 days to ≤14 days ( kl ),9741,4.78,16.76,4.64–4.91,16.65–16.89,90%,
26,T2,C3,μM,China newborns (dried blood spots),MS/MS (NeoBase non-derivatized kit; Waters/AB Sciex),M,0 to ≤1 day,10304,0.79,2.82,0.78–0.80,2.80–2.84,90%,
26,T2,C3,μM,China newborns (dried blood spots),MS/MS (NeoBase non-derivatized kit; Waters/AB Sciex),F,0 to ≤1 day,9551,0.77,2.66,0.76–0.79,2.63–2.67,90%,
26,T2,C3,μM,China newborns (dried blood spots),MS/MS (NeoBase non-derivatized kit; Waters/AB Sciex),M,1 day to ≤2 days,115866,0.78,2.88,0.78–0.78,2.88–2.89,90%,
26,T2,C3,μM,China newborns (dried blood spots),MS/MS (NeoBase non-derivatized kit; Waters/AB Sciex),F,1 day to ≤2 days,105326,0.74,2.75,0.73–0.74,2.75–2.76,90%,
26,T2,C3,μM,China newborns (dried blood spots),MS/MS (NeoBase non-derivatized kit; Waters/AB Sciex),M,2 days to ≤3 days,1052696,0.77,2.95,0.77–0.77,2.95–2.95,90%,
26,T2,C3,μM,China newborns (dried blood spots),MS/MS (NeoBase non-derivatized kit; Waters/AB Sciex),F,2 days to ≤3 days,964210,0.74,2.84,0.74–0.74,2.83–2.84,90%,
26,T2,C3,μM,China newborns (dried blood spots),MS/MS (NeoBase non-derivatized kit; Waters/AB Sciex),M,3 days to ≤4 days,801609,0.75,2.78,0.75–0.76,2.78–2.78,90%,
26,T2,C3,μM,China newborns (dried blood spots),MS/MS (NeoBase non-derivatized kit; Waters/AB Sciex),F,3 days to ≤4 days,730749,0.72,2.70,0.72–0.72,2.70–2.70,90%,
26,T2,C3,μM,China newborns (dried blood spots),MS/MS (NeoBase non-derivatized kit; Waters/AB Sciex),M,4 days to ≤5 days,159178,0.66,2.44,0.66–0.66,2.44–2.45,90%,
26,T2,C3,μM,China newborns (dried blood spots),MS/MS (NeoBase non-derivatized kit; Waters/AB Sciex),F,4 days to ≤5 days,143979,0.64,2.37,0.64–0.65,2.36–2.37,90%,
26,T2,C3,μM,China newborns (dried blood spots),MS/MS (NeoBase non-derivatized kit; Waters/AB Sciex),M,5 days to ≤6 days,96549,0.57,2.12,0.57–0.57,2.11–2.13,90%,
26,T2,C3,μM,China newborns (dried blood spots),MS/MS (NeoBase non-derivatized kit; Waters/AB Sciex),F,5 days to ≤6 days,87072,0.55,2.09,0.54–0.55,2.09–2.10,90%,
26,T2,C3,μM,China newborns (dried blood spots),MS/MS (NeoBase non-derivatized kit; Waters/AB Sciex),M,6 days to ≤7 days,58757,0.49,1.88,0.48–0.49,1.87–1.88,90%,
26,T2,C3,μM,China newborns (dried blood spots),MS/MS (NeoBase non-derivatized kit; Waters/AB Sciex),F,6 days to ≤7 days,52232,0.48,1.86,0.48–0.49,1.85–1.86,90%,
26,T2,C3,μM,China newborns (dried blood spots),MS/MS (NeoBase non-derivatized kit; Waters/AB Sciex),M,7 days to ≤8 days,32929,0.45,1.77,0.45–0.46,1.77–1.78,90%,
26,T2,C3,μM,China newborns (dried blood spots),MS/MS (NeoBase non-derivatized kit; Waters/AB Sciex),F,7 days to ≤8 days,28637,0.43,1.75,0.42–0.43,1.74–1.76,90%,
26,T2,C3,μM,China newborns (dried blood spots),MS/MS (NeoBase non-derivatized kit; Waters/AB Sciex),M,8 days to ≤9 days,45176,0.41,1.68,0.41–0.41,1.67–1.68,90%,
26,T2,C3,μM,China newborns (dried blood spots),MS/MS (NeoBase non-derivatized kit; Waters/AB Sciex),F,8 days to ≤9 days,45176,0.41,1.68,0.41–0.41,1.67–1.68,90%,
26,T2,C3,μM,China newborns (dried blood spots),MS/MS (NeoBase non-derivatized kit; Waters/AB Sciex),M,9 days to ≤10 days,18657,0.39,1.69,0.38–0.39,1.68–1.70,90%,
26,T2,C3,μM,China newborns (dried blood spots),MS/MS (NeoBase non-derivatized kit; Waters/AB Sciex),F,9 days to ≤10 days,16211,0.39,1.64,0.39–0.40,1.62–1.65,90%,
26,T2,C3,μM,China newborns (dried blood spots),MS/MS (NeoBase non-derivatized kit; Waters/AB Sciex),M,10 days to ≤11 days ( ij ),26677,0.38,1.67,0.38–0.39,1.66–1.68,90%,
26,T2,C3,μM,China newborns (dried blood spots),MS/MS (NeoBase non-derivatized kit; Waters/AB Sciex),F,10 days to ≤11 days ( ij ),26677,0.38,1.67,0.38–0.39,1.66–1.68,90%,
26,T2,C3,μM,China newborns (dried blood spots),MS/MS (NeoBase non-derivatized kit; Waters/AB Sciex),M,11 days to ≤12 days,24589,0.38,1.66,0.37–0.38,1.65–1.66,90%,
26,T2,C3,μM,China newborns (dried blood spots),MS/MS (NeoBase non-derivatized kit; Waters/AB Sciex),F,11 days to ≤12 days,24589,0.38,1.66,0.37–0.38,1.65–1.66,90%,
26,T2,C3,μM,China newborns (dried blood spots),MS/MS (NeoBase non-derivatized kit; Waters/AB Sciex),M,12 days to ≤13 days,22153,0.39,1.71,0.39–0.40,1.70–1.72,90%,
26,T2,C3,μM,China newborns (dried blood spots),MS/MS (NeoBase non-derivatized kit; Waters/AB Sciex),F,12 days to ≤13 days,22153,0.39,1.71,0.39–0.40,1.70–1.72,90%,
26,T2,C3,μM,China newborns (dried blood spots),MS/MS (NeoBase non-derivatized kit; Waters/AB Sciex),M,13 days to ≤14 days,20156,0.39,1.74,0.38–0.39,1.73–1.75,90%,
26,T2,C3,μM,China newborns (dried blood spots),MS/MS (NeoBase non-derivatized kit; Waters/AB Sciex),F,13 days to ≤14 days,20156,0.39,1.74,0.38–0.39,1.73–1.75,90%,
26,T2,C3-DC + C4-OH,μM,China newborns (dried blood spots),MS/MS (NeoBase non-derivatized kit; Waters/AB Sciex),M,0 to ≤1 day,10361,0.04,0.20,0.03–0.04,0.19–0.20,90%,
26,T2,C3-DC + C4-OH,μM,China newborns (dried blood spots),MS/MS (NeoBase non-derivatized kit; Waters/AB Sciex),F,0 to ≤1 day,9615,0.04,0.18,0.04–0.04,0.18–0.19,90%,
26,T2,C3-DC + C4-OH,μM,China newborns (dried blood spots),MS/MS (NeoBase non-derivatized kit; Waters/AB Sciex),M,1 day to ≤2 days,115192,0.04,0.31,0.04–0.04,0.31–0.31,90%,
26,T2,C3-DC + C4-OH,μM,China newborns (dried blood spots),MS/MS (NeoBase non-derivatized kit; Waters/AB Sciex),F,1 day to ≤2 days,101951,0.04,0.32,0.04–0.04,0.32–0.32,90%,
26,T2,C3-DC + C4-OH,μM,China newborns (dried blood spots),MS/MS (NeoBase non-derivatized kit; Waters/AB Sciex),M,2 days to ≤3 days,1052948,0.05,0.27,0.05–0.05,0.27–0.27,90%,
26,T2,C3-DC + C4-OH,μM,China newborns (dried blood spots),MS/MS (NeoBase non-derivatized kit; Waters/AB Sciex),F,2 days to ≤3 days,964832,0.04,0.26,0.04–0.04,0.26–0.26,90%,
26,T2,C3-DC + C4-OH,μM,China newborns (dried blood spots),MS/MS (NeoBase non-derivatized kit; Waters/AB Sciex),M,3 days to ≤4 days,801386,0.04,0.23,0.04–0.04,0.23–0.23,90%,
26,T2,C3-DC + C4-OH,μM,China newborns (dried blood spots),MS/MS (NeoBase non-derivatized kit; Waters/AB Sciex),F,3 days to ≤4 days,728632,0.04,0.22,0.04–0.04,0.22–0.22,90%,
26,T2,C3-DC + C4-OH,μM,China newborns (dried blood spots),MS/MS (NeoBase non-derivatized kit; Waters/AB Sciex),M,4 days to ≤5 days,158869,0.04,0.17,0.04–0.04,0.17–0.17,90%,
26,T2,C3-DC + C4-OH,μM,China newborns (dried blood spots),MS/MS (NeoBase non-derivatized kit; Waters/AB Sciex),F,4 days to ≤5 days,144283,0.04,0.17,0.04–0.04,0.17–0.17,90%,
26,T2,C3-DC + C4-OH,μM,China newborns (dried blood spots),MS/MS (NeoBase non-derivatized kit; Waters/AB Sciex),M,5 days to ≤6 days,96429,0.04,0.15,0.04–0.04,0.15–0.15,90%,
26,T2,C3-DC + C4-OH,μM,China newborns (dried blood spots),MS/MS (NeoBase non-derivatized kit; Waters/AB Sciex),F,5 days to ≤6 days,87606,0.04,0.15,0.04–0.04,0.15–0.15,90%,
26,T2,C3-DC + C4-OH,μM,China newborns (dried blood spots),MS/MS (NeoBase non-derivatized kit; Waters/AB Sciex),M,6 days to ≤7 days,112850,0.04,0.15,0.04–0.04,0.15–0.15,90%,
26,T2,C3-DC + C4-OH,μM,China newborns (dried blood spots),MS/MS (NeoBase non-derivatized kit; Waters/AB Sciex),F,6 days to ≤7 days,112850,0.04,0.15,0.04–0.04,0.15–0.15,90%,
26,T2,C3-DC + C4-OH,μM,China newborns (dried blood spots),MS/MS (NeoBase non-derivatized kit; Waters/AB Sciex),M,7 days to ≤8 days,33775,0.04,0.13,0.03–0.04,0.13–0.13,90%,
26,T2,C3-DC + C4-OH,μM,China newborns (dried blood spots),MS/MS (NeoBase non-derivatized kit; Waters/AB Sciex),F,7 days to ≤8 days,29628,0.04,0.13,0.04–0.04,0.12–0.13,90%,
26,T2,C3-DC + C4-OH,μM,China newborns (dried blood spots),MS/MS (NeoBase non-derivatized kit; Waters/AB Sciex),M,8 days to ≤9 days,47262,0.03,0.13,0.03–0.03,0.13–0.13,90%,
26,T2,C3-DC + C4-OH,μM,China newborns (dried blood spots),MS/MS (NeoBase non-derivatized kit; Waters/AB Sciex),F,8 days to ≤9 days,47262,0.03,0.13,0.03–0.03,0.13–0.13,90%,
26,T2,C3-DC + C4-OH,μM,China newborns (dried blood spots),MS/MS (NeoBase non-derivatized kit; Waters/AB Sciex),M,9 days to ≤10 days,36809,0.03,0.13,0.03–0.03,0.13–0.13,90%,
26,T2,C3-DC + C4-OH,μM,China newborns (dried blood spots),MS/MS (NeoBase non-derivatized kit; Waters/AB Sciex),F,9 days to ≤10 days,36809,0.03,0.13,0.03–0.03,0.13–0.13,90%,
26,T2,C3-DC + C4-OH,μM,China newborns (dried blood spots),MS/MS (NeoBase non-derivatized kit; Waters/AB Sciex),M,10 days to ≤11 days,15189,0.03,0.11,0.03–0.03,0.11–0.11,90%,
26,T2,C3-DC + C4-OH,μM,China newborns (dried blood spots),MS/MS (NeoBase non-derivatized kit; Waters/AB Sciex),F,10 days to ≤11 days,13177,0.03,0.11,0.03–0.03,0.11–0.11,90%,
26,T2,C3-DC + C4-OH,μM,China newborns (dried blood spots),MS/MS (NeoBase non-derivatized kit; Waters/AB Sciex),M,11 days to ≤12 days,26087,0.03,0.11,0.03–0.03,0.11–0.11,90%,
26,T2,C3-DC + C4-OH,μM,China newborns (dried blood spots),MS/MS (NeoBase non-derivatized kit; Waters/AB Sciex),F,11 days to ≤12 days,26087,0.03,0.11,0.03–0.03,0.11–0.11,90%,
26,T2,C3-DC + C4-OH,μM,China newborns (dried blood spots),MS/MS (NeoBase non-derivatized kit; Waters/AB Sciex),M,12 days to ≤13 days,23335,0.03,0.11,0.03–0.03,0.11–0.11,90%,
26,T2,C3-DC + C4-OH,μM,China newborns (dried blood spots),MS/MS (NeoBase non-derivatized kit; Waters/AB Sciex),F,12 days to ≤13 days,23335,0.03,0.11,0.03–0.03,0.11–0.11,90%,
26,T2,C3-DC + C4-OH,μM,China newborns (dried blood spots),MS/MS (NeoBase non-derivatized kit; Waters/AB Sciex),M,13 days to ≤14 days,21301,0.03,0.10,0.03–0.03,0.10–0.10,90%,
26,T2,C3-DC + C4-OH,μM,China newborns (dried blood spots),MS/MS (NeoBase non-derivatized kit; Waters/AB Sciex),F,13 days to ≤14 days,21301,0.03,0.10,0.03–0.03,0.10–0.10,90%,
26,T2,C4,μM,China newborns (dried blood spots),MS/MS (NeoBase non-derivatized kit; Waters/AB Sciex),M,0 to ≤1 day,10293,0.11,0.32,0.10–0.11,0.32–0.33,90%,
26,T2,C4,μM,China newborns (dried blood spots),MS/MS (NeoBase non-derivatized kit; Waters/AB Sciex),F,0 to ≤1 day,9560,0.12,0.33,0.12–0.12,0.33–0.34,90%,
26,T2,C4,μM,China newborns (dried blood spots),MS/MS (NeoBase non-derivatized kit; Waters/AB Sciex),M,1 day to ≤2 days,111519,0.07,0.32,0.06–0.07,0.32–0.32,90%,
26,T2,C4,μM,China newborns (dried blood spots),MS/MS (NeoBase non-derivatized kit; Waters/AB Sciex),F,1 day to ≤2 days,100894,0.07,0.33,0.07–0.07,0.32–0.33,90%,
26,T2,C4,μM,China newborns (dried blood spots),MS/MS (NeoBase non-derivatized kit; Waters/AB Sciex),M,2 days to ≤3 days,1047763,0.10,0.33,0.10–0.10,0.33–0.33,90%,
26,T2,C4,μM,China newborns (dried blood spots),MS/MS (NeoBase non-derivatized kit; Waters/AB Sciex),F,2 days to ≤3 days,956213,0.11,0.36,0.11–0.11,0.36–0.36,90%,
26,T2,C4,μM,China newborns (dried blood spots),MS/MS (NeoBase non-derivatized kit; Waters/AB Sciex),M,3 days to ≤4 days,801056,0.11,0.32,0.11–0.11,0.32–0.32,90%,
26,T2,C4,μM,China newborns (dried blood spots),MS/MS (NeoBase non-derivatized kit; Waters/AB Sciex),F,3 days to ≤4 days,728565,0.12,0.34,0.12–0.12,0.34–0.34,90%,
26,T2,C4,μM,China newborns (dried blood spots),MS/MS (NeoBase non-derivatized kit; Waters/AB Sciex),M,4 days to ≤5 days,158430,0.10,0.30,0.10–0.10,0.30–0.30,90%,
26,T2,C4,μM,China newborns (dried blood spots),MS/MS (NeoBase non-derivatized kit; Waters/AB Sciex),F,4 days to ≤5 days,143525,0.11,0.31,0.11–0.11,0.31–0.31,90%,
26,T2,C4,μM,China newborns (dried blood spots),MS/MS (NeoBase non-derivatized kit; Waters/AB Sciex),M,5 days to ≤6 days,96413,0.10,0.28,0.10–0.10,0.28–0.28,90%,
26,T2,C4,μM,China newborns (dried blood spots),MS/MS (NeoBase non-derivatized kit; Waters/AB Sciex),F,5 days to ≤6 days,87284,0.10,0.30,0.10–0.10,0.30–0.30,90%,
26,T2,C4,μM,China newborns (dried blood spots),MS/MS (NeoBase non-derivatized kit; Waters/AB Sciex),M,6 days to ≤7 days,59367,0.10,0.28,0.10–0.10,0.28–0.28,90%,
26,T2,C4,μM,China newborns (dried blood spots),MS/MS (NeoBase non-derivatized kit; Waters/AB Sciex),F,6 days to ≤7 days,53174,0.10,0.29,0.10–0.10,0.29–0.29,90%,
26,T2,C4,μM,China newborns (dried blood spots),MS/MS (NeoBase non-derivatized kit; Waters/AB Sciex),M,7 days to ≤8 days,33637,0.09,0.27,0.09–0.09,0.27–0.27,90%,
26,T2,C4,μM,China newborns (dried blood spots),MS/MS (NeoBase non-derivatized kit; Waters/AB Sciex),F,7 days to ≤8 days,29614,0.10,0.28,0.10–0.10,0.28–0.28,90%,
26,T2,C4,μM,China newborns (dried blood spots),MS/MS (NeoBase non-derivatized kit; Waters/AB Sciex),M,8 days to ≤9 days,25125,0.09,0.27,0.09–0.09,0.27–0.27,90%,
26,T2,C4,μM,China newborns (dried blood spots),MS/MS (NeoBase non-derivatized kit; Waters/AB Sciex),F,8 days to ≤9 days,21984,0.09,0.28,0.09–0.09,0.28–0.28,90%,
26,T2,C4,μM,China newborns (dried blood spots),MS/MS (NeoBase non-derivatized kit; Waters/AB Sciex),M,9 days to ≤10 days,19611,0.09,0.27,0.09–0.09,0.27–0.28,90%,
26,T2,C4,μM,China newborns (dried blood spots),MS/MS (NeoBase non-derivatized kit; Waters/AB Sciex),F,9 days to ≤10 days,17173,0.09,0.27,0.09–0.09,0.27–0.27,90%,
26,T2,C4,μM,China newborns (dried blood spots),MS/MS (NeoBase non-derivatized kit; Waters/AB Sciex),M,10 days to ≤11 days,15141,0.09,0.26,0.09–0.09,0.26–0.26,90%,
26,T2,C4,μM,China newborns (dried blood spots),MS/MS (NeoBase non-derivatized kit; Waters/AB Sciex),F,10 days to ≤11 days,13189,0.09,0.27,0.09–0.09,0.27–0.27,90%,
26,T2,C4,μM,China newborns (dried blood spots),MS/MS (NeoBase non-derivatized kit; Waters/AB Sciex),M,11 days to ≤12 days,13931,0.09,0.26,0.09–0.09,0.26–0.26,90%,
26,T2,C4,μM,China newborns (dried blood spots),MS/MS (NeoBase non-derivatized kit; Waters/AB Sciex),F,11 days to ≤12 days,12155,0.09,0.27,0.09–0.09,0.27–0.28,90%,
26,T2,C4,μM,China newborns (dried blood spots),MS/MS (NeoBase non-derivatized kit; Waters/AB Sciex),M,12 days to ≤13 days,12343,0.09,0.26,0.09–0.09,0.26–0.27,90%,
26,T2,C4,μM,China newborns (dried blood spots),MS/MS (NeoBase non-derivatized kit; Waters/AB Sciex),F,12 days to ≤13 days,11034,0.09,0.27,0.09–0.09,0.27–0.28,90%,
26,T2,C4,μM,China newborns (dried blood spots),MS/MS (NeoBase non-derivatized kit; Waters/AB Sciex),M,13 days to ≤14 days ( jk ),11332,0.09,0.26,0.09–0.09,0.26–0.27,90%,
26,T2,C4,μM,China newborns (dried blood spots),MS/MS (NeoBase non-derivatized kit; Waters/AB Sciex),F,13 days to ≤14 days ( jk ),10025,0.10,0.26,0.10–0.11,0.25–0.26,90%,
26,T2,C4-DC + C5-OH,μM,China newborns (dried blood spots),MS/MS (NeoBase non-derivatized kit; Waters/AB Sciex),M,0 to ≤1 day,10303,0.11,0.29,0.11–0.11,0.28–0.29,90%,
26,T2,C4-DC + C5-OH,μM,China newborns (dried blood spots),MS/MS (NeoBase non-derivatized kit; Waters/AB Sciex),F,0 to ≤1 day,9575,0.10,0.28,0.10–0.10,0.28–0.28,90%,
26,T2,C4-DC + C5-OH,μM,China newborns (dried blood spots),MS/MS (NeoBase non-derivatized kit; Waters/AB Sciex),M,1 day to ≤2 days,108787,0.06,0.30,0.06–0.06,0.30–0.30,90%,
26,T2,C4-DC + C5-OH,μM,China newborns (dried blood spots),MS/MS (NeoBase non-derivatized kit; Waters/AB Sciex),F,1 day to ≤2 days,100757,0.07,0.28,0.07–0.07,0.28–0.28,90%,
26,T2,C4-DC + C5-OH,μM,China newborns (dried blood spots),MS/MS (NeoBase non-derivatized kit; Waters/AB Sciex),M,2 days to ≤3 days,1049969,0.10,0.33,0.10–0.10,0.33–0.33,90%,
26,T2,C4-DC + C5-OH,μM,China newborns (dried blood spots),MS/MS (NeoBase non-derivatized kit; Waters/AB Sciex),F,2 days to ≤3 days,963151,0.10,0.30,0.10–0.10,0.30–0.30,90%,
26,T2,C4-DC + C5-OH,μM,China newborns (dried blood spots),MS/MS (NeoBase non-derivatized kit; Waters/AB Sciex),M,3 days to ≤4 days,801080,0.11,0.32,0.11–0.11,0.32–0.32,90%,
26,T2,C4-DC + C5-OH,μM,China newborns (dried blood spots),MS/MS (NeoBase non-derivatized kit; Waters/AB Sciex),F,3 days to ≤4 days,730521,0.11,0.30,0.11–0.11,0.30–0.30,90%,
26,T2,C4-DC + C5-OH,μM,China newborns (dried blood spots),MS/MS (NeoBase non-derivatized kit; Waters/AB Sciex),M,4 days to ≤5 days,158757,0.11,0.30,0.11–0.11,0.30–0.30,90%,
26,T2,C4-DC + C5-OH,μM,China newborns (dried blood spots),MS/MS (NeoBase non-derivatized kit; Waters/AB Sciex),F,4 days to ≤5 days,143787,0.10,0.28,0.10–0.10,0.28–0.28,90%,
26,T2,C4-DC + C5-OH,μM,China newborns (dried blood spots),MS/MS (NeoBase non-derivatized kit; Waters/AB Sciex),M,5 days to ≤6 days,96669,0.10,0.30,0.10–0.11,0.30–0.30,90%,
26,T2,C4-DC + C5-OH,μM,China newborns (dried blood spots),MS/MS (NeoBase non-derivatized kit; Waters/AB Sciex),F,5 days to ≤6 days,87355,0.10,0.28,0.10–0.10,0.28–0.28,90%,
26,T2,C4-DC + C5-OH,μM,China newborns (dried blood spots),MS/MS (NeoBase non-derivatized kit; Waters/AB Sciex),M,6 days to ≤7 days,59476,0.10,0.29,0.10–0.10,0.29–0.29,90%,
26,T2,C4-DC + C5-OH,μM,China newborns (dried blood spots),MS/MS (NeoBase non-derivatized kit; Waters/AB Sciex),F,6 days to ≤7 days,53122,0.10,0.28,0.10–0.10,0.28–0.28,90%,
26,T2,C4-DC + C5-OH,μM,China newborns (dried blood spots),MS/MS (NeoBase non-derivatized kit; Waters/AB Sciex),M,7 days to ≤8 days,33706,0.10,0.28,0.10–0.10,0.28–0.28,90%,
26,T2,C4-DC + C5-OH,μM,China newborns (dried blood spots),MS/MS (NeoBase non-derivatized kit; Waters/AB Sciex),F,7 days to ≤8 days,29588,0.10,0.27,0.10–0.10,0.27–0.27,90%,
26,T2,C4-DC + C5-OH,μM,China newborns (dried blood spots),MS/MS (NeoBase non-derivatized kit; Waters/AB Sciex),M,8 days to ≤9 days,25164,0.10,0.28,0.10–0.10,0.28–0.28,90%,
26,T2,C4-DC + C5-OH,μM,China newborns (dried blood spots),MS/MS (NeoBase non-derivatized kit; Waters/AB Sciex),F,8 days to ≤9 days,21989,0.10,0.27,0.10–0.10,0.27–0.27,90%,
26,T2,C4-DC + C5-OH,μM,China newborns (dried blood spots),MS/MS (NeoBase non-derivatized kit; Waters/AB Sciex),M,9 days to ≤10 days,19612,0.10,0.28,0.10–0.10,0.28–0.28,90%,
26,T2,C4-DC + C5-OH,μM,China newborns (dried blood spots),MS/MS (NeoBase non-derivatized kit; Waters/AB Sciex),F,9 days to ≤10 days,17152,0.10,0.27,0.10–0.10,0.27–0.27,90%,
26,T2,C4-DC + C5-OH,μM,China newborns (dried blood spots),MS/MS (NeoBase non-derivatized kit; Waters/AB Sciex),M,10 days to ≤11 days ( hi ),15168,0.10,0.28,0.10–0.10,0.28–0.28,90%,
26,T2,C4-DC + C5-OH,μM,China newborns (dried blood spots),MS/MS (NeoBase non-derivatized kit; Waters/AB Sciex),F,10 days to ≤11 days ( hi ),13167,0.10,0.27,0.10–0.10,0.27–0.27,90%,
26,T2,C4-DC + C5-OH,μM,China newborns (dried blood spots),MS/MS (NeoBase non-derivatized kit; Waters/AB Sciex),M,11 days to ≤12 days,13969,0.10,0.28,0.10–0.10,0.28–0.28,90%,
26,T2,C4-DC + C5-OH,μM,China newborns (dried blood spots),MS/MS (NeoBase non-derivatized kit; Waters/AB Sciex),F,11 days to ≤12 days,12134,0.10,0.27,0.10–0.10,0.27–0.27,90%,
26,T2,C4-DC + C5-OH,μM,China newborns (dried blood spots),MS/MS (NeoBase non-derivatized kit; Waters/AB Sciex),M,12 days to ≤13 days,12350,0.10,0.28,0.10–0.10,0.28–0.28,90%,
26,T2,C4-DC + C5-OH,μM,China newborns (dried blood spots),MS/MS (NeoBase non-derivatized kit; Waters/AB Sciex),F,12 days to ≤13 days,10987,0.10,0.27,0.10–0.10,0.27–0.27,90%,
26,T2,C4-DC + C5-OH,μM,China newborns (dried blood spots),MS/MS (NeoBase non-derivatized kit; Waters/AB Sciex),M,13 days to ≤14 days ( hi ),11365,0.10,0.28,0.10–0.10,0.28–0.28,90%,
26,T2,C4-DC + C5-OH,μM,China newborns (dried blood spots),MS/MS (NeoBase non-derivatized kit; Waters/AB Sciex),F,13 days to ≤14 days ( hi ),9939,0.10,0.27,0.10–0.10,0.27–0.27,90%,
26,T2,C5,μM,China newborns (dried blood spots),MS/MS (NeoBase non-derivatized kit; Waters/AB Sciex),M,0 to ≤1 day,10356,0.04,0.15,0.04–0.04,0.15–0.15,90%,
26,T2,C5,μM,China newborns (dried blood spots),MS/MS (NeoBase non-derivatized kit; Waters/AB Sciex),F,0 to ≤1 day,9606,0.04,0.15,0.03–0.04,0.15–0.15,90%,
26,T2,C5,μM,China newborns (dried blood spots),MS/MS (NeoBase non-derivatized kit; Waters/AB Sciex),M,1 day to ≤2 days,219252,0.02,0.17,0.02–0.02,0.17–0.17,90%,
26,T2,C5,μM,China newborns (dried blood spots),MS/MS (NeoBase non-derivatized kit; Waters/AB Sciex),F,1 day to ≤2 days,219252,0.02,0.18,0.02–0.02,0.18–0.18,90%,
26,T2,C5,μM,China newborns (dried blood spots),MS/MS (NeoBase non-derivatized kit; Waters/AB Sciex),M,2 days to ≤3 days,1059324,0.05,0.17,0.05–0.05,0.17–0.17,90%,
26,T2,C5,μM,China newborns (dried blood spots),MS/MS (NeoBase non-derivatized kit; Waters/AB Sciex),F,2 days to ≤3 days,968680,0.04,0.18,0.04–0.04,0.18–0.18,90%,
26,T2,C5,μM,China newborns (dried blood spots),MS/MS (NeoBase non-derivatized kit; Waters/AB Sciex),M,3 days to ≤4 days,804862,0.06,0.17,0.06–0.06,0.17–0.17,90%,
26,T2,C5,μM,China newborns (dried blood spots),MS/MS (NeoBase non-derivatized kit; Waters/AB Sciex),F,3 days to ≤4 days,732769,0.06,0.18,0.06–0.06,0.18–0.18,90%,
26,T2,C5,μM,China newborns (dried blood spots),MS/MS (NeoBase non-derivatized kit; Waters/AB Sciex),M,4 days to ≤5 days,158623,0.06,0.18,0.06–0.06,0.18–0.18,90%,
26,T2,C5,μM,China newborns (dried blood spots),MS/MS (NeoBase non-derivatized kit; Waters/AB Sciex),F,4 days to ≤5 days,143687,0.06,0.20,0.06–0.06,0.20–0.20,90%,
26,T2,C5,μM,China newborns (dried blood spots),MS/MS (NeoBase non-derivatized kit; Waters/AB Sciex),M,5 days to ≤6 days,96317,0.06,0.20,0.06–0.06,0.20–0.20,90%,
26,T2,C5,μM,China newborns (dried blood spots),MS/MS (NeoBase non-derivatized kit; Waters/AB Sciex),F,5 days to ≤6 days,86996,0.06,0.21,0.06–0.06,0.21–0.21,90%,
26,T2,C5,μM,China newborns (dried blood spots),MS/MS (NeoBase non-derivatized kit; Waters/AB Sciex),M,6 days to ≤7 days,59235,0.06,0.22,0.06–0.06,0.22–0.22,90%,
26,T2,C5,μM,China newborns (dried blood spots),MS/MS (NeoBase non-derivatized kit; Waters/AB Sciex),F,6 days to ≤7 days,52971,0.06,0.23,0.06–0.06,0.23–0.23,90%,
26,T2,C5,μM,China newborns (dried blood spots),MS/MS (NeoBase non-derivatized kit; Waters/AB Sciex),M,7 days to ≤8 days,33533,0.06,0.23,0.06–0.06,0.23–0.23,90%,
26,T2,C5,μM,China newborns (dried blood spots),MS/MS (NeoBase non-derivatized kit; Waters/AB Sciex),F,7 days to ≤8 days,29408,0.06,0.23,0.06–0.06,0.23–0.23,90%,
26,T2,C5,μM,China newborns (dried blood spots),MS/MS (NeoBase non-derivatized kit; Waters/AB Sciex),M,8 days to ≤9 days,25025,0.06,0.23,0.06–0.06,0.23–0.23,90%,
26,T2,C5,μM,China newborns (dried blood spots),MS/MS (NeoBase non-derivatized kit; Waters/AB Sciex),F,8 days to ≤9 days,21907,0.06,0.25,0.06–0.06,0.25–0.25,90%,
26,T2,C5,μM,China newborns (dried blood spots),MS/MS (NeoBase non-derivatized kit; Waters/AB Sciex),M,9 days to ≤10 days,19534,0.06,0.25,0.06–0.06,0.25–0.25,90%,
26,T2,C5,μM,China newborns (dried blood spots),MS/MS (NeoBase non-derivatized kit; Waters/AB Sciex),F,9 days to ≤10 days,17081,0.06,0.25,0.05–0.06,0.25–0.26,90%,
26,T2,C5,μM,China newborns (dried blood spots),MS/MS (NeoBase non-derivatized kit; Waters/AB Sciex),M,10 days to ≤11 days,15051,0.06,0.25,0.06–0.06,0.25–0.25,90%,
26,T2,C5,μM,China newborns (dried blood spots),MS/MS (NeoBase non-derivatized kit; Waters/AB Sciex),F,10 days to ≤11 days,13089,0.06,0.26,0.06–0.06,0.26–0.26,90%,
26,T2,C5,μM,China newborns (dried blood spots),MS/MS (NeoBase non-derivatized kit; Waters/AB Sciex),M,11 days to ≤12 days,13795,0.06,0.26,0.06–0.06,0.26–0.26,90%,
26,T2,C5,μM,China newborns (dried blood spots),MS/MS (NeoBase non-derivatized kit; Waters/AB Sciex),F,11 days to ≤12 days,12014,0.07,0.26,0.07–0.08,0.26–0.26,90%,
26,T2,C5,μM,China newborns (dried blood spots),MS/MS (NeoBase non-derivatized kit; Waters/AB Sciex),M,12 days to ≤13 days,12242,0.06,0.26,0.06–0.06,0.26–0.26,90%,
26,T2,C5,μM,China newborns (dried blood spots),MS/MS (NeoBase non-derivatized kit; Waters/AB Sciex),F,12 days to ≤13 days,10889,0.07,0.26,0.07–0.08,0.26–0.26,90%,
26,T2,C5,μM,China newborns (dried blood spots),MS/MS (NeoBase non-derivatized kit; Waters/AB Sciex),M,13 days to ≤14 days,11200,0.06,0.26,0.06–0.06,0.26–0.26,90%,
26,T2,C5,μM,China newborns (dried blood spots),MS/MS (NeoBase non-derivatized kit; Waters/AB Sciex),F,13 days to ≤14 days,9884,0.07,0.28,0.07–0.07,0.28–0.28,90%,
26,T2,C5-DC + C6-OH,μM,China newborns (dried blood spots),MS/MS (NeoBase non-derivatized kit; Waters/AB Sciex),M,0 to ≤1 day,10339,0.06,0.19,0.06–0.06,0.19–0.19,90%,
26,T2,C5-DC + C6-OH,μM,China newborns (dried blood spots),MS/MS (NeoBase non-derivatized kit; Waters/AB Sciex),F,0 to ≤1 day,9601,0.06,0.18,0.06–0.06,0.18–0.18,90%,
26,T2,C5-DC + C6-OH,μM,China newborns (dried blood spots),MS/MS (NeoBase non-derivatized kit; Waters/AB Sciex),M,1 day to ≤2 days,114253,0.06,0.25,0.06–0.06,0.25–0.25,90%,
26,T2,C5-DC + C6-OH,μM,China newborns (dried blood spots),MS/MS (NeoBase non-derivatized kit; Waters/AB Sciex),F,1 day to ≤2 days,104304,0.06,0.24,0.06–0.06,0.24–0.24,90%,
26,T2,C5-DC + C6-OH,μM,China newborns (dried blood spots),MS/MS (NeoBase non-derivatized kit; Waters/AB Sciex),M,2 days to ≤3 days,1055950,0.06,0.20,0.06–0.06,0.20–0.20,90%,
26,T2,C5-DC + C6-OH,μM,China newborns (dried blood spots),MS/MS (NeoBase non-derivatized kit; Waters/AB Sciex),F,2 days to ≤3 days,966691,0.06,0.19,0.06–0.06,0.19–0.19,90%,
26,T2,C5-DC + C6-OH,μM,China newborns (dried blood spots),MS/MS (NeoBase non-derivatized kit; Waters/AB Sciex),M,3 days to ≤4 days,803479,0.06,0.18,0.06–0.06,0.18–0.18,90%,
26,T2,C5-DC + C6-OH,μM,China newborns (dried blood spots),MS/MS (NeoBase non-derivatized kit; Waters/AB Sciex),F,3 days to ≤4 days,731895,0.05,0.18,0.05–0.05,0.18–0.18,90%,
26,T2,C5-DC + C6-OH,μM,China newborns (dried blood spots),MS/MS (NeoBase non-derivatized kit; Waters/AB Sciex),M,4 days to ≤5 days,159126,0.05,0.15,0.05–0.05,0.15–0.15,90%,
26,T2,C5-DC + C6-OH,μM,China newborns (dried blood spots),MS/MS (NeoBase non-derivatized kit; Waters/AB Sciex),F,4 days to ≤5 days,144036,0.05,0.15,0.05–0.05,0.15–0.15,90%,
26,T2,C5-DC + C6-OH,μM,China newborns (dried blood spots),MS/MS (NeoBase non-derivatized kit; Waters/AB Sciex),M,5 days to ≤6 days,96757,0.05,0.14,0.05–0.05,0.14–0.14,90%,
26,T2,C5-DC + C6-OH,μM,China newborns (dried blood spots),MS/MS (NeoBase non-derivatized kit; Waters/AB Sciex),F,5 days to ≤6 days,87385,0.05,0.13,0.04–0.05,0.13–0.14,90%,
26,T2,C5-DC + C6-OH,μM,China newborns (dried blood spots),MS/MS (NeoBase non-derivatized kit; Waters/AB Sciex),M,6 days to ≤7 days,59424,0.04,0.13,0.04–0.04,0.13–0.13,90%,
26,T2,C5-DC + C6-OH,μM,China newborns (dried blood spots),MS/MS (NeoBase non-derivatized kit; Waters/AB Sciex),F,6 days to ≤7 days,53039,0.04,0.13,0.04–0.04,0.13–0.13,90%,
26,T2,C5-DC + C6-OH,μM,China newborns (dried blood spots),MS/MS (NeoBase non-derivatized kit; Waters/AB Sciex),M,7 days to ≤8 days,33691,0.04,0.14,0.04–0.04,0.14–0.14,90%,
26,T2,C5-DC + C6-OH,μM,China newborns (dried blood spots),MS/MS (NeoBase non-derivatized kit; Waters/AB Sciex),F,7 days to ≤8 days,29509,0.04,0.14,0.04–0.04,0.14–0.14,90%,
26,T2,C5-DC + C6-OH,μM,China newborns (dried blood spots),MS/MS (NeoBase non-derivatized kit; Waters/AB Sciex),M,8 days to ≤9 days,25127,0.04,0.12,0.04–0.04,0.12–0.13,90%,
26,T2,C5-DC + C6-OH,μM,China newborns (dried blood spots),MS/MS (NeoBase non-derivatized kit; Waters/AB Sciex),F,8 days to ≤9 days,21916,0.04,0.12,0.04–0.04,0.12–0.12,90%,
26,T2,C5-DC + C6-OH,μM,China newborns (dried blood spots),MS/MS (NeoBase non-derivatized kit; Waters/AB Sciex),M,9 days to ≤10 days,19547,0.04,0.12,0.04–0.04,0.12–0.12,90%,
26,T2,C5-DC + C6-OH,μM,China newborns (dried blood spots),MS/MS (NeoBase non-derivatized kit; Waters/AB Sciex),F,9 days to ≤10 days,17068,0.04,0.12,0.04–0.04,0.12–0.12,90%,
26,T2,C5-DC + C6-OH,μM,China newborns (dried blood spots),MS/MS (NeoBase non-derivatized kit; Waters/AB Sciex),M,10 days to ≤11 days,15112,0.04,0.12,0.04–0.04,0.12–0.12,90%,
26,T2,C5-DC + C6-OH,μM,China newborns (dried blood spots),MS/MS (NeoBase non-derivatized kit; Waters/AB Sciex),F,10 days to ≤11 days,13100,0.04,0.12,0.04–0.04,0.12–0.12,90%,
26,T2,C5-DC + C6-OH,μM,China newborns (dried blood spots),MS/MS (NeoBase non-derivatized kit; Waters/AB Sciex),M,11 days to ≤12 days,13881,0.04,0.12,0.04–0.04,0.12–0.12,90%,
26,T2,C5-DC + C6-OH,μM,China newborns (dried blood spots),MS/MS (NeoBase non-derivatized kit; Waters/AB Sciex),F,11 days to ≤12 days,12072,0.04,0.12,0.04–0.04,0.12–0.12,90%,
26,T2,C5-DC + C6-OH,μM,China newborns (dried blood spots),MS/MS (NeoBase non-derivatized kit; Waters/AB Sciex),M,12 days to ≤13 days,12279,0.04,0.12,0.04–0.04,0.12–0.12,90%,
26,T2,C5-DC + C6-OH,μM,China newborns (dried blood spots),MS/MS (NeoBase non-derivatized kit; Waters/AB Sciex),F,12 days to ≤13 days,10905,0.04,0.12,0.04–0.04,0.12–0.12,90%,
26,T2,C5-DC + C6-OH,μM,China newborns (dried blood spots),MS/MS (NeoBase non-derivatized kit; Waters/AB Sciex),M,13 days to ≤14 days,21154,0.04,0.12,0.04–0.04,0.12–0.12,90%,
26,T2,C5-DC + C6-OH,μM,China newborns (dried blood spots),MS/MS (NeoBase non-derivatized kit; Waters/AB Sciex),F,13 days to ≤14 days,21154,0.04,0.12,0.04–0.04,0.12–0.12,90%,
26,T2,C6,μM,China newborns (dried blood spots),MS/MS (NeoBase non-derivatized kit; Waters/AB Sciex),M,0 to ≤1 day,10143,0.02,0.08,0.02–0.02,0.08–0.08,90%,
26,T2,C6,μM,China newborns (dried blood spots),MS/MS (NeoBase non-derivatized kit; Waters/AB Sciex),F,0 to ≤1 day,8010,0.03,0.06,0.03–0.03,0.06–0.06,90%,
26,T2,C6,μM,China newborns (dried blood spots),MS/MS (NeoBase non-derivatized kit; Waters/AB Sciex),M,1 day to ≤2 days,113352,0.02,0.08,0.02–0.02,0.08–0.08,90%,
26,T2,C6,μM,China newborns (dried blood spots),MS/MS (NeoBase non-derivatized kit; Waters/AB Sciex),F,1 day to ≤2 days,104220,0.02,0.08,0.02–0.02,0.08–0.08,90%,
26,T2,C6,μM,China newborns (dried blood spots),MS/MS (NeoBase non-derivatized kit; Waters/AB Sciex),M,2 days to ≤3 days,1033512,0.02,0.08,0.02–0.02,0.08–0.08,90%,
26,T2,C6,μM,China newborns (dried blood spots),MS/MS (NeoBase non-derivatized kit; Waters/AB Sciex),F,2 days to ≤3 days,954201,0.02,0.07,0.02–0.02,0.07–0.07,90%,
26,T2,C6,μM,China newborns (dried blood spots),MS/MS (NeoBase non-derivatized kit; Waters/AB Sciex),M,3 days to ≤4 days,793074,0.02,0.07,0.02–0.02,0.07–0.07,90%,
26,T2,C6,μM,China newborns (dried blood spots),MS/MS (NeoBase non-derivatized kit; Waters/AB Sciex),F,3 days to ≤4 days,727096,0.02,0.07,0.02–0.02,0.07–0.07,90%,
26,T2,C6,μM,China newborns (dried blood spots),MS/MS (NeoBase non-derivatized kit; Waters/AB Sciex),M,4 days to ≤5 days,144606,0.02,0.05,0.02–0.02,0.05–0.05,90%,
26,T2,C6,μM,China newborns (dried blood spots),MS/MS (NeoBase non-derivatized kit; Waters/AB Sciex),F,4 days to ≤5 days,132721,0.02,0.05,0.02–0.02,0.05–0.05,90%,
26,T2,C6,μM,China newborns (dried blood spots),MS/MS (NeoBase non-derivatized kit; Waters/AB Sciex),M,5 days to ≤6 days,89849,0.02,0.05,0.02–0.02,0.05–0.05,90%,
26,T2,C6,μM,China newborns (dried blood spots),MS/MS (NeoBase non-derivatized kit; Waters/AB Sciex),F,5 days to ≤6 days,87561,0.01,0.06,0.01–0.01,0.06–0.06,90%,
26,T2,C6,μM,China newborns (dried blood spots),MS/MS (NeoBase non-derivatized kit; Waters/AB Sciex),M,6 days to ≤7 days,58977,0.01,0.06,0.01–0.01,0.06–0.06,90%,
26,T2,C6,μM,China newborns (dried blood spots),MS/MS (NeoBase non-derivatized kit; Waters/AB Sciex),F,6 days to ≤7 days,53389,0.01,0.06,0.01–0.01,0.06–0.06,90%,
26,T2,C6,μM,China newborns (dried blood spots),MS/MS (NeoBase non-derivatized kit; Waters/AB Sciex),M,7 days to ≤8 days,33574,0.01,0.06,0.01–0.01,0.06–0.06,90%,
26,T2,C6,μM,China newborns (dried blood spots),MS/MS (NeoBase non-derivatized kit; Waters/AB Sciex),F,7 days to ≤8 days,29805,0.01,0.06,0.01–0.01,0.06–0.06,90%,
26,T2,C6,μM,China newborns (dried blood spots),MS/MS (NeoBase non-derivatized kit; Waters/AB Sciex),M,8 days to ≤9 days,25039,0.01,0.06,0.01–0.01,0.06–0.06,90%,
26,T2,C6,μM,China newborns (dried blood spots),MS/MS (NeoBase non-derivatized kit; Waters/AB Sciex),F,8 days to ≤9 days,22213,0.01,0.06,0.01–0.01,0.06–0.06,90%,
26,T2,C6,μM,China newborns (dried blood spots),MS/MS (NeoBase non-derivatized kit; Waters/AB Sciex),M,9 days to ≤10 days,18278,0.02,0.05,0.02–0.02,0.05–0.05,90%,
26,T2,C6,μM,China newborns (dried blood spots),MS/MS (NeoBase non-derivatized kit; Waters/AB Sciex),F,9 days to ≤10 days,17179,0.01,0.06,0.01–0.01,0.06–0.06,90%,
26,T2,C6,μM,China newborns (dried blood spots),MS/MS (NeoBase non-derivatized kit; Waters/AB Sciex),M,10 days to ≤11 days,14161,0.02,0.05,0.02–0.02,0.05–0.05,90%,
26,T2,C6,μM,China newborns (dried blood spots),MS/MS (NeoBase non-derivatized kit; Waters/AB Sciex),F,10 days to ≤11 days,12347,0.02,0.05,0.02–0.02,0.05–0.05,90%,
26,T2,C6,μM,China newborns (dried blood spots),MS/MS (NeoBase non-derivatized kit; Waters/AB Sciex),M,11 days to ≤12 days,12985,0.02,0.05,0.02–0.02,0.05–0.05,90%,
26,T2,C6,μM,China newborns (dried blood spots),MS/MS (NeoBase non-derivatized kit; Waters/AB Sciex),F,11 days to ≤12 days,11326,0.02,0.05,0.02–0.02,0.05–0.05,90%,
26,T2,C6,μM,China newborns (dried blood spots),MS/MS (NeoBase non-derivatized kit; Waters/AB Sciex),M,12 days to ≤13 days ( em ),11464,0.02,0.05,0.02–0.02,0.05–0.05,90%,
26,T2,C6,μM,China newborns (dried blood spots),MS/MS (NeoBase non-derivatized kit; Waters/AB Sciex),F,12 days to ≤13 days ( em ),10311,0.02,0.05,0.02–0.02,0.05–0.05,90%,
26,T2,C6,μM,China newborns (dried blood spots),MS/MS (NeoBase non-derivatized kit; Waters/AB Sciex),M,13 days to ≤14 days,10538,0.02,0.05,0.02–0.02,0.05–0.05,90%,
26,T2,C6,μM,China newborns (dried blood spots),MS/MS (NeoBase non-derivatized kit; Waters/AB Sciex),F,13 days to ≤14 days,9339,0.02,0.05,0.02–0.02,0.05–0.05,90%,
26,T2,C6-DC,μM,China newborns (dried blood spots),MS/MS (NeoBase non-derivatized kit; Waters/AB Sciex),M,0 to ≤1 day,10343,0.04,0.16,0.04–0.04,0.16–0.17,90%,
26,T2,C6-DC,μM,China newborns (dried blood spots),MS/MS (NeoBase non-derivatized kit; Waters/AB Sciex),F,0 to ≤1 day,9603,0.04,0.18,0.04–0.04,0.18–0.19,90%,
26,T2,C6-DC,μM,China newborns (dried blood spots),MS/MS (NeoBase non-derivatized kit; Waters/AB Sciex),M,1 day to ≤2 days,116601,0.04,0.23,0.04–0.05,0.23–0.23,90%,
26,T2,C6-DC,μM,China newborns (dried blood spots),MS/MS (NeoBase non-derivatized kit; Waters/AB Sciex),F,1 day to ≤2 days,105787,0.05,0.24,0.04–0.05,0.24–0.24,90%,
26,T2,C6-DC,μM,China newborns (dried blood spots),MS/MS (NeoBase non-derivatized kit; Waters/AB Sciex),M,2 days to ≤3 days,1060248,0.04,0.18,0.04–0.04,0.18–0.18,90%,
26,T2,C6-DC,μM,China newborns (dried blood spots),MS/MS (NeoBase non-derivatized kit; Waters/AB Sciex),F,2 days to ≤3 days,968910,0.04,0.20,0.04–0.04,0.20–0.20,90%,
26,T2,C6-DC,μM,China newborns (dried blood spots),MS/MS (NeoBase non-derivatized kit; Waters/AB Sciex),M,3 days to ≤4 days,805997,0.04,0.19,0.04–0.04,0.19–0.19,90%,
26,T2,C6-DC,μM,China newborns (dried blood spots),MS/MS (NeoBase non-derivatized kit; Waters/AB Sciex),F,3 days to ≤4 days,733592,0.04,0.19,0.04–0.04,0.19–0.19,90%,
26,T2,C6-DC,μM,China newborns (dried blood spots),MS/MS (NeoBase non-derivatized kit; Waters/AB Sciex),M,4 days to ≤5 days,159403,0.03,0.16,0.03–0.03,0.16–0.16,90%,
26,T2,C6-DC,μM,China newborns (dried blood spots),MS/MS (NeoBase non-derivatized kit; Waters/AB Sciex),F,4 days to ≤5 days,144247,0.03,0.16,0.03–0.03,0.16–0.16,90%,
26,T2,C6-DC,μM,China newborns (dried blood spots),MS/MS (NeoBase non-derivatized kit; Waters/AB Sciex),M,5 days to ≤6 days,96992,0.03,0.14,0.03–0.03,0.14–0.14,90%,
26,T2,C6-DC,μM,China newborns (dried blood spots),MS/MS (NeoBase non-derivatized kit; Waters/AB Sciex),F,5 days to ≤6 days,87562,0.03,0.14,0.03–0.03,0.14–0.14,90%,
26,T2,C6-DC,μM,China newborns (dried blood spots),MS/MS (NeoBase non-derivatized kit; Waters/AB Sciex),M,6 days to ≤7 days,59733,0.03,0.14,0.03–0.03,0.14–0.14,90%,
26,T2,C6-DC,μM,China newborns (dried blood spots),MS/MS (NeoBase non-derivatized kit; Waters/AB Sciex),F,6 days to ≤7 days,53346,0.03,0.14,0.03–0.03,0.14–0.14,90%,
26,T2,C6-DC,μM,China newborns (dried blood spots),MS/MS (NeoBase non-derivatized kit; Waters/AB Sciex),M,7 days to ≤8 days,34006,0.03,0.13,0.03–0.03,0.13–0.13,90%,
26,T2,C6-DC,μM,China newborns (dried blood spots),MS/MS (NeoBase non-derivatized kit; Waters/AB Sciex),F,7 days to ≤8 days,29801,0.03,0.14,0.03–0.03,0.14–0.14,90%,
26,T2,C6-DC,μM,China newborns (dried blood spots),MS/MS (NeoBase non-derivatized kit; Waters/AB Sciex),M,8 days to ≤9 days,47671,0.03,0.14,0.03–0.03,0.14–0.14,90%,
26,T2,C6-DC,μM,China newborns (dried blood spots),MS/MS (NeoBase non-derivatized kit; Waters/AB Sciex),F,8 days to ≤9 days,47671,0.03,0.14,0.03–0.03,0.14–0.14,90%,
26,T2,C6-DC,μM,China newborns (dried blood spots),MS/MS (NeoBase non-derivatized kit; Waters/AB Sciex),M,9 days to ≤10 days,37286,0.03,0.14,0.03–0.03,0.14–0.14,90%,
26,T2,C6-DC,μM,China newborns (dried blood spots),MS/MS (NeoBase non-derivatized kit; Waters/AB Sciex),F,9 days to ≤10 days,37286,0.03,0.14,0.03–0.03,0.14–0.14,90%,
26,T2,C6-DC,μM,China newborns (dried blood spots),MS/MS (NeoBase non-derivatized kit; Waters/AB Sciex),M,10 days to ≤11 days,28741,0.03,0.14,0.03–0.03,0.14–0.14,90%,
26,T2,C6-DC,μM,China newborns (dried blood spots),MS/MS (NeoBase non-derivatized kit; Waters/AB Sciex),F,10 days to ≤11 days,28741,0.03,0.14,0.03–0.03,0.14–0.14,90%,
26,T2,C6-DC,μM,China newborns (dried blood spots),MS/MS (NeoBase non-derivatized kit; Waters/AB Sciex),M,11 days to ≤12 days ( jk ),26452,0.03,0.14,0.03–0.03,0.14–0.14,90%,
26,T2,C6-DC,μM,China newborns (dried blood spots),MS/MS (NeoBase non-derivatized kit; Waters/AB Sciex),F,11 days to ≤12 days ( jk ),26452,0.03,0.14,0.03–0.03,0.14–0.14,90%,
26,T2,C6-DC,μM,China newborns (dried blood spots),MS/MS (NeoBase non-derivatized kit; Waters/AB Sciex),M,12 days to ≤13 days,23708,0.03,0.14,0.03–0.03,0.14–0.14,90%,
26,T2,C6-DC,μM,China newborns (dried blood spots),MS/MS (NeoBase non-derivatized kit; Waters/AB Sciex),F,12 days to ≤13 days,23708,0.03,0.14,0.03–0.03,0.14–0.14,90%,
26,T2,C6-DC,μM,China newborns (dried blood spots),MS/MS (NeoBase non-derivatized kit; Waters/AB Sciex),M,13 days to ≤14 days,21671,0.03,0.14,0.03–0.03,0.14–0.14,90%,
26,T2,C6-DC,μM,China newborns (dried blood spots),MS/MS (NeoBase non-derivatized kit; Waters/AB Sciex),F,13 days to ≤14 days,21671,0.03,0.14,0.03–0.03,0.14–0.14,90%,
26,T2,C8,μM,China newborns (dried blood spots),MS/MS (NeoBase non-derivatized kit; Waters/AB Sciex),M,0 to ≤1 day,10324,0.03,0.10,0.03–0.03,0.10–0.10,90%,
26,T2,C8,μM,China newborns (dried blood spots),MS/MS (NeoBase non-derivatized kit; Waters/AB Sciex),F,0 to ≤1 day,9600,0.03,0.08,0.03–0.03,0.08–0.09,90%,
26,T2,C8,μM,China newborns (dried blood spots),MS/MS (NeoBase non-derivatized kit; Waters/AB Sciex),M,1 day to ≤2 days,116325,0.03,0.10,0.03–0.03,0.10–0.10,90%,
26,T2,C8,μM,China newborns (dried blood spots),MS/MS (NeoBase non-derivatized kit; Waters/AB Sciex),F,1 day to ≤2 days,105728,0.03,0.10,0.03–0.03,0.10–0.10,90%,
26,T2,C8,μM,China newborns (dried blood spots),MS/MS (NeoBase non-derivatized kit; Waters/AB Sciex),M,2 days to ≤3 days,1057935,0.03,0.10,0.03–0.03,0.10–0.10,90%,
26,T2,C8,μM,China newborns (dried blood spots),MS/MS (NeoBase non-derivatized kit; Waters/AB Sciex),F,2 days to ≤3 days,968607,0.03,0.10,0.03–0.03,0.10–0.10,90%,
26,T2,C8,μM,China newborns (dried blood spots),MS/MS (NeoBase non-derivatized kit; Waters/AB Sciex),M,3 days to ≤4 days,803824,0.03,0.10,0.03–0.03,0.10–0.10,90%,
26,T2,C8,μM,China newborns (dried blood spots),MS/MS (NeoBase non-derivatized kit; Waters/AB Sciex),F,3 days to ≤4 days,732597,0.02,0.09,0.02–0.02,0.09–0.09,90%,
26,T2,C8,μM,China newborns (dried blood spots),MS/MS (NeoBase non-derivatized kit; Waters/AB Sciex),M,4 days to ≤5 days,159554,0.02,0.08,0.02–0.02,0.08–0.08,90%,
26,T2,C8,μM,China newborns (dried blood spots),MS/MS (NeoBase non-derivatized kit; Waters/AB Sciex),F,4 days to ≤5 days,144322,0.02,0.08,0.02–0.02,0.08–0.09,90%,
26,T2,C8,μM,China newborns (dried blood spots),MS/MS (NeoBase non-derivatized kit; Waters/AB Sciex),M,5 days to ≤6 days,97166,0.02,0.07,0.02–0.02,0.07–0.07,90%,
26,T2,C8,μM,China newborns (dried blood spots),MS/MS (NeoBase non-derivatized kit; Waters/AB Sciex),F,5 days to ≤6 days,87734,0.02,0.07,0.02–0.02,0.07–0.07,90%,
26,T2,C8,μM,China newborns (dried blood spots),MS/MS (NeoBase non-derivatized kit; Waters/AB Sciex),M,6 days to ≤7 days,59908,0.02,0.07,0.02–0.02,0.07–0.07,90%,
26,T2,C8,μM,China newborns (dried blood spots),MS/MS (NeoBase non-derivatized kit; Waters/AB Sciex),F,6 days to ≤7 days,53429,0.02,0.07,0.02–0.02,0.07–0.07,90%,
26,T2,C8,μM,China newborns (dried blood spots),MS/MS (NeoBase non-derivatized kit; Waters/AB Sciex),M,7 days to ≤8 days,34094,0.02,0.07,0.02–0.02,0.07–0.07,90%,
26,T2,C8,μM,China newborns (dried blood spots),MS/MS (NeoBase non-derivatized kit; Waters/AB Sciex),F,7 days to ≤8 days,29832,0.02,0.07,0.02–0.02,0.07–0.07,90%,
26,T2,C8,μM,China newborns (dried blood spots),MS/MS (NeoBase non-derivatized kit; Waters/AB Sciex),M,8 days to ≤9 days,25516,0.02,0.07,0.02–0.02,0.07–0.07,90%,
26,T2,C8,μM,China newborns (dried blood spots),MS/MS (NeoBase non-derivatized kit; Waters/AB Sciex),F,8 days to ≤9 days,22257,0.02,0.07,0.02–0.02,0.07–0.07,90%,
26,T2,C8,μM,China newborns (dried blood spots),MS/MS (NeoBase non-derivatized kit; Waters/AB Sciex),M,9 days to ≤10 days,19960,0.02,0.07,0.02–0.02,0.07–0.07,90%,
26,T2,C8,μM,China newborns (dried blood spots),MS/MS (NeoBase non-derivatized kit; Waters/AB Sciex),F,9 days to ≤10 days,17392,0.02,0.07,0.02–0.02,0.07–0.07,90%,
26,T2,C8,μM,China newborns (dried blood spots),MS/MS (NeoBase non-derivatized kit; Waters/AB Sciex),M,10 days to ≤11 days,15406,0.02,0.07,0.02–0.02,0.07–0.07,90%,
26,T2,C8,μM,China newborns (dried blood spots),MS/MS (NeoBase non-derivatized kit; Waters/AB Sciex),F,10 days to ≤11 days,13368,0.02,0.07,0.02–0.02,0.07–0.07,90%,
26,T2,C8,μM,China newborns (dried blood spots),MS/MS (NeoBase non-derivatized kit; Waters/AB Sciex),M,11 days to ≤12 days,14163,0.02,0.07,0.02–0.02,0.07–0.07,90%,
26,T2,C8,μM,China newborns (dried blood spots),MS/MS (NeoBase non-derivatized kit; Waters/AB Sciex),F,11 days to ≤12 days,12303,0.02,0.07,0.02–0.02,0.07–0.07,90%,
26,T2,C8,μM,China newborns (dried blood spots),MS/MS (NeoBase non-derivatized kit; Waters/AB Sciex),M,12 days to ≤13 days,12542,0.02,0.07,0.02–0.02,0.07–0.07,90%,
26,T2,C8,μM,China newborns (dried blood spots),MS/MS (NeoBase non-derivatized kit; Waters/AB Sciex),F,12 days to ≤13 days,11145,0.02,0.07,0.02–0.02,0.07–0.07,90%,
26,T2,C8,μM,China newborns (dried blood spots),MS/MS (NeoBase non-derivatized kit; Waters/AB Sciex),M,13 days to ≤14 days,11526,0.02,0.07,0.02–0.02,0.07–0.07,90%,
26,T2,C8,μM,China newborns (dried blood spots),MS/MS (NeoBase non-derivatized kit; Waters/AB Sciex),F,13 days to ≤14 days,10134,0.02,0.07,0.02–0.02,0.07–0.07,90%,
26,T2,C8:1,μM,China newborns (dried blood spots),MS/MS (NeoBase non-derivatized kit; Waters/AB Sciex),M,0 to ≤1 day,10269,0.05,0.21,0.05–0.05,0.21–0.21,90%,
26,T2,C8:1,μM,China newborns (dried blood spots),MS/MS (NeoBase non-derivatized kit; Waters/AB Sciex),F,0 to ≤1 day,9523,0.05,0.21,0.05–0.05,0.21–0.21,90%,
26,T2,C8:1,μM,China newborns (dried blood spots),MS/MS (NeoBase non-derivatized kit; Waters/AB Sciex),M,1 day to ≤2 days,115199,0.04,0.24,0.04–0.04,0.24–0.24,90%,
26,T2,C8:1,μM,China newborns (dried blood spots),MS/MS (NeoBase non-derivatized kit; Waters/AB Sciex),F,1 day to ≤2 days,104687,0.04,0.22,0.04–0.04,0.22–0.22,90%,
26,T2,C8:1,μM,China newborns (dried blood spots),MS/MS (NeoBase non-derivatized kit; Waters/AB Sciex),M,2 days to ≤3 days,1055471,0.05,0.23,0.05–0.05,0.23–0.23,90%,
26,T2,C8:1,μM,China newborns (dried blood spots),MS/MS (NeoBase non-derivatized kit; Waters/AB Sciex),F,2 days to ≤3 days,965965,0.05,0.24,0.05–0.05,0.24–0.25,90%,
26,T2,C8:1,μM,China newborns (dried blood spots),MS/MS (NeoBase non-derivatized kit; Waters/AB Sciex),M,3 days to ≤4 days,802066,0.06,0.24,0.06–0.06,0.23–0.24,90%,
26,T2,C8:1,μM,China newborns (dried blood spots),MS/MS (NeoBase non-derivatized kit; Waters/AB Sciex),F,3 days to ≤4 days,730911,0.06,0.23,0.06–0.06,0.23–0.23,90%,
26,T2,C8:1,μM,China newborns (dried blood spots),MS/MS (NeoBase non-derivatized kit; Waters/AB Sciex),M,4 days to ≤5 days,158586,0.05,0.23,0.05–0.05,0.23–0.23,90%,
26,T2,C8:1,μM,China newborns (dried blood spots),MS/MS (NeoBase non-derivatized kit; Waters/AB Sciex),F,4 days to ≤5 days,143623,0.05,0.22,0.05–0.05,0.22–0.22,90%,
26,T2,C8:1,μM,China newborns (dried blood spots),MS/MS (NeoBase non-derivatized kit; Waters/AB Sciex),M,5 days to ≤6 days,182932,0.04,0.23,0.04–0.04,0.23–0.24,90%,
26,T2,C8:1,μM,China newborns (dried blood spots),MS/MS (NeoBase non-derivatized kit; Waters/AB Sciex),F,5 days to ≤6 days,182932,0.04,0.23,0.04–0.04,0.23–0.24,90%,
26,T2,C8:1,μM,China newborns (dried blood spots),MS/MS (NeoBase non-derivatized kit; Waters/AB Sciex),M,6 days to ≤7 days,111825,0.04,0.22,0.04–0.04,0.21–0.22,90%,
26,T2,C8:1,μM,China newborns (dried blood spots),MS/MS (NeoBase non-derivatized kit; Waters/AB Sciex),F,6 days to ≤7 days,111825,0.04,0.22,0.04–0.04,0.21–0.22,90%,
26,T2,C8:1,μM,China newborns (dried blood spots),MS/MS (NeoBase non-derivatized kit; Waters/AB Sciex),M,7 days to ≤8 days,62787,0.04,0.23,0.04–0.04,0.23–0.23,90%,
26,T2,C8:1,μM,China newborns (dried blood spots),MS/MS (NeoBase non-derivatized kit; Waters/AB Sciex),F,7 days to ≤8 days,62787,0.04,0.23,0.04–0.04,0.23–0.23,90%,
26,T2,C8:1,μM,China newborns (dried blood spots),MS/MS (NeoBase non-derivatized kit; Waters/AB Sciex),M,8 days to ≤9 days,46869,0.04,0.23,0.04–0.04,0.23–0.23,90%,
26,T2,C8:1,μM,China newborns (dried blood spots),MS/MS (NeoBase non-derivatized kit; Waters/AB Sciex),F,8 days to ≤9 days,46869,0.04,0.23,0.04–0.04,0.23–0.23,90%,
26,T2,C8:1,μM,China newborns (dried blood spots),MS/MS (NeoBase non-derivatized kit; Waters/AB Sciex),M,9 days to ≤10 days,19554,0.04,0.25,0.04–0.04,0.25–0.25,90%,
26,T2,C8:1,μM,China newborns (dried blood spots),MS/MS (NeoBase non-derivatized kit; Waters/AB Sciex),F,9 days to ≤10 days,17054,0.04,0.25,0.04–0.04,0.25–0.25,90%,
26,T2,C8:1,μM,China newborns (dried blood spots),MS/MS (NeoBase non-derivatized kit; Waters/AB Sciex),M,10 days to ≤11 days,28200,0.04,0.25,0.04–0.04,0.25–0.26,90%,
26,T2,C8:1,μM,China newborns (dried blood spots),MS/MS (NeoBase non-derivatized kit; Waters/AB Sciex),F,10 days to ≤11 days,28200,0.04,0.25,0.04–0.04,0.25–0.26,90%,
26,T2,C8:1,μM,China newborns (dried blood spots),MS/MS (NeoBase non-derivatized kit; Waters/AB Sciex),M,11 days to ≤12 days,13877,0.04,0.25,0.04–0.04,0.24–0.25,90%,
26,T2,C8:1,μM,China newborns (dried blood spots),MS/MS (NeoBase non-derivatized kit; Waters/AB Sciex),F,11 days to ≤12 days,12012,0.04,0.26,0.04–0.04,0.26–0.26,90%,
26,T2,C8:1,μM,China newborns (dried blood spots),MS/MS (NeoBase non-derivatized kit; Waters/AB Sciex),M,12 days to ≤13 days,23097,0.04,0.26,0.04–0.04,0.26–0.26,90%,
26,T2,C8:1,μM,China newborns (dried blood spots),MS/MS (NeoBase non-derivatized kit; Waters/AB Sciex),F,12 days to ≤13 days,23097,0.04,0.26,0.04–0.04,0.26–0.26,90%,
26,T2,C8:1,μM,China newborns (dried blood spots),MS/MS (NeoBase non-derivatized kit; Waters/AB Sciex),M,13 days to ≤14 days,21109,0.04,0.26,0.04–0.04,0.25–0.26,90%,
26,T2,C8:1,μM,China newborns (dried blood spots),MS/MS (NeoBase non-derivatized kit; Waters/AB Sciex),F,13 days to ≤14 days,21109,0.04,0.26,0.04–0.04,0.25–0.26,90%,
26,T2,C10,μM,China newborns (dried blood spots),MS/MS (NeoBase non-derivatized kit; Waters/AB Sciex),M,0 to ≤1 day,10299,0.04,0.15,0.04–0.04,0.15–0.15,90%,
26,T2,C10,μM,China newborns (dried blood spots),MS/MS (NeoBase non-derivatized kit; Waters/AB Sciex),F,0 to ≤1 day,9576,0.04,0.13,0.04–0.05,0.13–0.14,90%,
26,T2,C10,μM,China newborns (dried blood spots),MS/MS (NeoBase non-derivatized kit; Waters/AB Sciex),M,1 day to ≤2 days,115637,0.03,0.15,0.03–0.03,0.15–0.15,90%,
26,T2,C10,μM,China newborns (dried blood spots),MS/MS (NeoBase non-derivatized kit; Waters/AB Sciex),F,1 day to ≤2 days,105020,0.03,0.15,0.03–0.03,0.15–0.15,90%,
26,T2,C10,μM,China newborns (dried blood spots),MS/MS (NeoBase non-derivatized kit; Waters/AB Sciex),M,2 days to ≤3 days,1049789,0.03,0.15,0.03–0.03,0.15–0.15,90%,
26,T2,C10,μM,China newborns (dried blood spots),MS/MS (NeoBase non-derivatized kit; Waters/AB Sciex),F,2 days to ≤3 days,960217,0.03,0.14,0.03–0.03,0.14–0.14,90%,
26,T2,C10,μM,China newborns (dried blood spots),MS/MS (NeoBase non-derivatized kit; Waters/AB Sciex),M,3 days to ≤4 days,796974,0.03,0.14,0.03–0.03,0.14–0.14,90%,
26,T2,C10,μM,China newborns (dried blood spots),MS/MS (NeoBase non-derivatized kit; Waters/AB Sciex),F,3 days to ≤4 days,725189,0.03,0.14,0.03–0.03,0.14–0.14,90%,
26,T2,C10,μM,China newborns (dried blood spots),MS/MS (NeoBase non-derivatized kit; Waters/AB Sciex),M,4 days to ≤5 days,157236,0.03,0.11,0.03–0.03,0.10–0.11,90%,
26,T2,C10,μM,China newborns (dried blood spots),MS/MS (NeoBase non-derivatized kit; Waters/AB Sciex),F,4 days to ≤5 days,141458,0.03,0.10,0.03–0.03,0.10–0.10,90%,
26,T2,C10,μM,China newborns (dried blood spots),MS/MS (NeoBase non-derivatized kit; Waters/AB Sciex),M,5 days to ≤6 days,95382,0.03,0.10,0.03–0.03,0.10–0.10,90%,
26,T2,C10,μM,China newborns (dried blood spots),MS/MS (NeoBase non-derivatized kit; Waters/AB Sciex),F,5 days to ≤6 days,85776,0.02,0.09,0.02–0.03,0.09–0.09,90%,
26,T2,C10,μM,China newborns (dried blood spots),MS/MS (NeoBase non-derivatized kit; Waters/AB Sciex),M,6 days to ≤7 days,58696,0.03,0.09,0.03–0.03,0.09–0.09,90%,
26,T2,C10,μM,China newborns (dried blood spots),MS/MS (NeoBase non-derivatized kit; Waters/AB Sciex),F,6 days to ≤7 days,52091,0.02,0.09,0.02–0.02,0.09–0.09,90%,
26,T2,C10,μM,China newborns (dried blood spots),MS/MS (NeoBase non-derivatized kit; Waters/AB Sciex),M,7 days to ≤8 days ( hi ),33339,0.02,0.09,0.02–0.03,0.09–0.09,90%,
26,T2,C10,μM,China newborns (dried blood spots),MS/MS (NeoBase non-derivatized kit; Waters/AB Sciex),F,7 days to ≤8 days ( hi ),29119,0.02,0.09,0.02–0.02,0.09–0.09,90%,
26,T2,C10,μM,China newborns (dried blood spots),MS/MS (NeoBase non-derivatized kit; Waters/AB Sciex),M,8 days to ≤9 days ( ij ),24960,0.03,0.09,0.02–0.03,0.09–0.09,90%,
26,T2,C10,μM,China newborns (dried blood spots),MS/MS (NeoBase non-derivatized kit; Waters/AB Sciex),F,8 days to ≤9 days ( ij ),21633,0.02,0.09,0.02–0.02,0.09–0.09,90%,
26,T2,C10,μM,China newborns (dried blood spots),MS/MS (NeoBase non-derivatized kit; Waters/AB Sciex),M,9 days to ≤10 days,19521,0.03,0.09,0.02–0.03,0.09–0.09,90%,
26,T2,C10,μM,China newborns (dried blood spots),MS/MS (NeoBase non-derivatized kit; Waters/AB Sciex),F,9 days to ≤10 days,16947,0.02,0.09,0.02–0.02,0.09–0.09,90%,
26,T2,C10,μM,China newborns (dried blood spots),MS/MS (NeoBase non-derivatized kit; Waters/AB Sciex),M,10 days to ≤11 days ( hi ),15069,0.03,0.09,0.02–0.03,0.09–0.09,90%,
26,T2,C10,μM,China newborns (dried blood spots),MS/MS (NeoBase non-derivatized kit; Waters/AB Sciex),F,10 days to ≤11 days ( hi ),13070,0.03,0.09,0.02–0.03,0.09–0.10,90%,
26,T2,C10,μM,China newborns (dried blood spots),MS/MS (NeoBase non-derivatized kit; Waters/AB Sciex),M,11 days to ≤12 days ( hi ),13822,0.02,0.09,0.02–0.02,0.09–0.09,90%,
26,T2,C10,μM,China newborns (dried blood spots),MS/MS (NeoBase non-derivatized kit; Waters/AB Sciex),F,11 days to ≤12 days ( hi ),11974,0.02,0.09,0.02–0.02,0.09–0.10,90%,
26,T2,C10,μM,China newborns (dried blood spots),MS/MS (NeoBase non-derivatized kit; Waters/AB Sciex),M,12 days to ≤13 days ( hij ),12301,0.03,0.09,0.03–0.03,0.09–0.09,90%,
26,T2,C10,μM,China newborns (dried blood spots),MS/MS (NeoBase non-derivatized kit; Waters/AB Sciex),F,12 days to ≤13 days ( hij ),10882,0.02,0.09,0.02–0.02,0.08–0.09,90%,
26,T2,C10,μM,China newborns (dried blood spots),MS/MS (NeoBase non-derivatized kit; Waters/AB Sciex),M,13 days to ≤14 days,11279,0.03,0.09,0.02–0.03,0.09–0.10,90%,
26,T2,C10,μM,China newborns (dried blood spots),MS/MS (NeoBase non-derivatized kit; Waters/AB Sciex),F,13 days to ≤14 days,9930,0.03,0.09,0.02–0.03,0.09–0.10,90%,
26,T2,C10:1,μM,China newborns (dried blood spots),MS/MS (NeoBase non-derivatized kit; Waters/AB Sciex),M,0 to ≤1 day,10349,0.04,0.11,0.04–0.05,0.11–0.11,90%,
26,T2,C10:1,μM,China newborns (dried blood spots),MS/MS (NeoBase non-derivatized kit; Waters/AB Sciex),F,0 to ≤1 day,9616,0.03,0.11,0.03–0.03,0.11–0.11,90%,
26,T2,C10:1,μM,China newborns (dried blood spots),MS/MS (NeoBase non-derivatized kit; Waters/AB Sciex),M,1 day to ≤2 days,112727,0.03,0.13,0.03–0.03,0.13–0.13,90%,
26,T2,C10:1,μM,China newborns (dried blood spots),MS/MS (NeoBase non-derivatized kit; Waters/AB Sciex),F,1 day to ≤2 days,105727,0.03,0.14,0.03–0.03,0.14–0.14,90%,
26,T2,C10:1,μM,China newborns (dried blood spots),MS/MS (NeoBase non-derivatized kit; Waters/AB Sciex),M,2 days to ≤3 days,1051125,0.03,0.13,0.03–0.03,0.13–0.13,90%,
26,T2,C10:1,μM,China newborns (dried blood spots),MS/MS (NeoBase non-derivatized kit; Waters/AB Sciex),F,2 days to ≤3 days,970613,0.03,0.13,0.03–0.03,0.13–0.13,90%,
26,T2,C10:1,μM,China newborns (dried blood spots),MS/MS (NeoBase non-derivatized kit; Waters/AB Sciex),M,3 days to ≤4 days,802987,0.03,0.14,0.03–0.03,0.14–0.14,90%,
26,T2,C10:1,μM,China newborns (dried blood spots),MS/MS (NeoBase non-derivatized kit; Waters/AB Sciex),F,3 days to ≤4 days,733977,0.03,0.14,0.03–0.03,0.14–0.14,90%,
26,T2,C10:1,μM,China newborns (dried blood spots),MS/MS (NeoBase non-derivatized kit; Waters/AB Sciex),M,4 days to ≤5 days,158657,0.03,0.13,0.03–0.03,0.13–0.13,90%,
26,T2,C10:1,μM,China newborns (dried blood spots),MS/MS (NeoBase non-derivatized kit; Waters/AB Sciex),F,4 days to ≤5 days,144566,0.03,0.11,0.03–0.03,0.11–0.11,90%,
26,T2,C10:1,μM,China newborns (dried blood spots),MS/MS (NeoBase non-derivatized kit; Waters/AB Sciex),M,5 days to ≤6 days,96022,0.03,0.11,0.03–0.03,0.11–0.11,90%,
26,T2,C10:1,μM,China newborns (dried blood spots),MS/MS (NeoBase non-derivatized kit; Waters/AB Sciex),F,5 days to ≤6 days,87892,0.03,0.12,0.03–0.03,0.12–0.12,90%,
26,T2,C10:1,μM,China newborns (dried blood spots),MS/MS (NeoBase non-derivatized kit; Waters/AB Sciex),M,6 days to ≤7 days,59493,0.03,0.12,0.03–0.03,0.12–0.12,90%,
26,T2,C10:1,μM,China newborns (dried blood spots),MS/MS (NeoBase non-derivatized kit; Waters/AB Sciex),F,6 days to ≤7 days,53565,0.02,0.11,0.02–0.02,0.11–0.12,90%,
26,T2,C10:1,μM,China newborns (dried blood spots),MS/MS (NeoBase non-derivatized kit; Waters/AB Sciex),M,7 days to ≤8 days ( hi ),33671,0.02,0.10,0.02–0.02,0.10–0.10,90%,
26,T2,C10:1,μM,China newborns (dried blood spots),MS/MS (NeoBase non-derivatized kit; Waters/AB Sciex),F,7 days to ≤8 days ( hi ),29919,0.02,0.10,0.02–0.02,0.10–0.10,90%,
26,T2,C10:1,μM,China newborns (dried blood spots),MS/MS (NeoBase non-derivatized kit; Waters/AB Sciex),M,8 days to ≤9 days,24756,0.02,0.10,0.02–0.02,0.10–0.10,90%,
26,T2,C10:1,μM,China newborns (dried blood spots),MS/MS (NeoBase non-derivatized kit; Waters/AB Sciex),F,8 days to ≤9 days,22303,0.02,0.10,0.02–0.02,0.10–0.10,90%,
26,T2,C10:1,μM,China newborns (dried blood spots),MS/MS (NeoBase non-derivatized kit; Waters/AB Sciex),M,9 days to ≤10 days ( hi ),19493,0.02,0.10,0.02–0.02,0.10–0.10,90%,
26,T2,C10:1,μM,China newborns (dried blood spots),MS/MS (NeoBase non-derivatized kit; Waters/AB Sciex),F,9 days to ≤10 days ( hi ),17439,0.02,0.10,0.02–0.02,0.10–0.10,90%,
26,T2,C10:1,μM,China newborns (dried blood spots),MS/MS (NeoBase non-derivatized kit; Waters/AB Sciex),M,10 days to ≤11 days ( ij ),14935,0.02,0.10,0.02–0.02,0.10–0.10,90%,
26,T2,C10:1,μM,China newborns (dried blood spots),MS/MS (NeoBase non-derivatized kit; Waters/AB Sciex),F,10 days to ≤11 days ( ij ),13399,0.02,0.10,0.02–0.02,0.09–0.10,90%,
26,T2,C10:1,μM,China newborns (dried blood spots),MS/MS (NeoBase non-derivatized kit; Waters/AB Sciex),M,11 days to ≤12 days,13697,0.02,0.10,0.02–0.03,0.10–0.10,90%,
26,T2,C10:1,μM,China newborns (dried blood spots),MS/MS (NeoBase non-derivatized kit; Waters/AB Sciex),F,11 days to ≤12 days,12332,0.02,0.10,0.02–0.02,0.10–0.10,90%,
26,T2,C10:1,μM,China newborns (dried blood spots),MS/MS (NeoBase non-derivatized kit; Waters/AB Sciex),M,12 days to ≤13 days,12566,0.03,0.10,0.03–0.03,0.10–0.10,90%,
26,T2,C10:1,μM,China newborns (dried blood spots),MS/MS (NeoBase non-derivatized kit; Waters/AB Sciex),F,12 days to ≤13 days,11189,0.03,0.10,0.02–0.03,0.10–0.10,90%,
26,T2,C10:1,μM,China newborns (dried blood spots),MS/MS (NeoBase non-derivatized kit; Waters/AB Sciex),M,13 days to ≤14 days,21706,0.02,0.10,0.02–0.02,0.10–0.10,90%,
26,T2,C10:1,μM,China newborns (dried blood spots),MS/MS (NeoBase non-derivatized kit; Waters/AB Sciex),F,13 days to ≤14 days,21706,0.02,0.10,0.02–0.02,0.10–0.10,90%,
26,T2,C12,μM,China newborns (dried blood spots),MS/MS (NeoBase non-derivatized kit; Waters/AB Sciex),M,0 to ≤1 day,10341,0.04,0.19,0.04–0.04,0.18–0.19,90%,
26,T2,C12,μM,China newborns (dried blood spots),MS/MS (NeoBase non-derivatized kit; Waters/AB Sciex),F,0 to ≤1 day,9587,0.04,0.15,0.04–0.04,0.14–0.15,90%,
26,T2,C12,μM,China newborns (dried blood spots),MS/MS (NeoBase non-derivatized kit; Waters/AB Sciex),M,1 day to ≤2 days,116230,0.04,0.18,0.04–0.04,0.18–0.18,90%,
26,T2,C12,μM,China newborns (dried blood spots),MS/MS (NeoBase non-derivatized kit; Waters/AB Sciex),F,1 day to ≤2 days,105548,0.04,0.17,0.04–0.04,0.17–0.17,90%,
26,T2,C12,μM,China newborns (dried blood spots),MS/MS (NeoBase non-derivatized kit; Waters/AB Sciex),M,2 days to ≤3 days,1055419,0.04,0.17,0.04–0.04,0.17–0.17,90%,
26,T2,C12,μM,China newborns (dried blood spots),MS/MS (NeoBase non-derivatized kit; Waters/AB Sciex),F,2 days to ≤3 days,965316,0.03,0.15,0.03–0.03,0.15–0.15,90%,
26,T2,C12,μM,China newborns (dried blood spots),MS/MS (NeoBase non-derivatized kit; Waters/AB Sciex),M,3 days to ≤4 days,801741,0.03,0.13,0.03–0.03,0.13–0.13,90%,
26,T2,C12,μM,China newborns (dried blood spots),MS/MS (NeoBase non-derivatized kit; Waters/AB Sciex),F,3 days to ≤4 days,729392,0.03,0.14,0.03–0.03,0.14–0.14,90%,
26,T2,C12,μM,China newborns (dried blood spots),MS/MS (NeoBase non-derivatized kit; Waters/AB Sciex),M,4 days to ≤5 days,157447,0.03,0.10,0.03–0.03,0.10–0.10,90%,
26,T2,C12,μM,China newborns (dried blood spots),MS/MS (NeoBase non-derivatized kit; Waters/AB Sciex),F,4 days to ≤5 days,141833,0.03,0.10,0.03–0.03,0.10–0.10,90%,
26,T2,C12,μM,China newborns (dried blood spots),MS/MS (NeoBase non-derivatized kit; Waters/AB Sciex),M,5 days to ≤6 days,95410,0.03,0.09,0.03–0.03,0.09–0.09,90%,
26,T2,C12,μM,China newborns (dried blood spots),MS/MS (NeoBase non-derivatized kit; Waters/AB Sciex),F,5 days to ≤6 days,85841,0.03,0.09,0.02–0.03,0.09–0.09,90%,
26,T2,C12,μM,China newborns (dried blood spots),MS/MS (NeoBase non-derivatized kit; Waters/AB Sciex),M,6 days to ≤7 days,58559,0.03,0.09,0.03–0.03,0.09–0.09,90%,
26,T2,C12,μM,China newborns (dried blood spots),MS/MS (NeoBase non-derivatized kit; Waters/AB Sciex),F,6 days to ≤7 days,52068,0.02,0.08,0.02–0.02,0.08–0.08,90%,
26,T2,C12,μM,China newborns (dried blood spots),MS/MS (NeoBase non-derivatized kit; Waters/AB Sciex),M,7 days to ≤8 days,33098,0.02,0.09,0.02–0.02,0.08–0.09,90%,
26,T2,C12,μM,China newborns (dried blood spots),MS/MS (NeoBase non-derivatized kit; Waters/AB Sciex),F,7 days to ≤8 days,28948,0.02,0.08,0.02–0.02,0.08–0.08,90%,
26,T2,C12,μM,China newborns (dried blood spots),MS/MS (NeoBase non-derivatized kit; Waters/AB Sciex),M,8 days to ≤9 days,24736,0.02,0.08,0.02–0.02,0.08–0.08,90%,
26,T2,C12,μM,China newborns (dried blood spots),MS/MS (NeoBase non-derivatized kit; Waters/AB Sciex),F,8 days to ≤9 days,21518,0.02,0.08,0.02–0.02,0.08–0.08,90%,
26,T2,C12,μM,China newborns (dried blood spots),MS/MS (NeoBase non-derivatized kit; Waters/AB Sciex),M,9 days to ≤10 days,19303,0.02,0.08,0.02–0.02,0.08–0.08,90%,
26,T2,C12,μM,China newborns (dried blood spots),MS/MS (NeoBase non-derivatized kit; Waters/AB Sciex),F,9 days to ≤10 days,16793,0.02,0.08,0.02–0.02,0.08–0.08,90%,
26,T2,C12,μM,China newborns (dried blood spots),MS/MS (NeoBase non-derivatized kit; Waters/AB Sciex),M,10 days to ≤11 days,14861,0.02,0.08,0.02–0.02,0.08–0.08,90%,
26,T2,C12,μM,China newborns (dried blood spots),MS/MS (NeoBase non-derivatized kit; Waters/AB Sciex),F,10 days to ≤11 days,12930,0.02,0.08,0.02–0.02,0.08–0.08,90%,
26,T2,C12,μM,China newborns (dried blood spots),MS/MS (NeoBase non-derivatized kit; Waters/AB Sciex),M,11 days to ≤12 days,13662,0.02,0.08,0.02–0.02,0.08–0.08,90%,
26,T2,C12,μM,China newborns (dried blood spots),MS/MS (NeoBase non-derivatized kit; Waters/AB Sciex),F,11 days to ≤12 days,11878,0.02,0.08,0.02–0.02,0.08–0.08,90%,
26,T2,C12,μM,China newborns (dried blood spots),MS/MS (NeoBase non-derivatized kit; Waters/AB Sciex),M,12 days to ≤13 days,12142,0.02,0.08,0.02–0.02,0.08–0.08,90%,
26,T2,C12,μM,China newborns (dried blood spots),MS/MS (NeoBase non-derivatized kit; Waters/AB Sciex),F,12 days to ≤13 days,10745,0.03,0.06,0.03–0.03,0.06–0.06,90%,
26,T2,C12,μM,China newborns (dried blood spots),MS/MS (NeoBase non-derivatized kit; Waters/AB Sciex),M,13 days to ≤14 days,11085,0.02,0.08,0.02–0.02,0.08–0.08,90%,
26,T2,C12,μM,China newborns (dried blood spots),MS/MS (NeoBase non-derivatized kit; Waters/AB Sciex),F,13 days to ≤14 days,9747,0.03,0.06,0.03–0.03,0.06–0.06,90%,
26,T2,C12:1,μM,China newborns (dried blood spots),MS/MS (NeoBase non-derivatized kit; Waters/AB Sciex),M,0 to ≤1 day,10288,0.03,0.20,0.03–0.03,0.19–0.20,90%,
26,T2,C12:1,μM,China newborns (dried blood spots),MS/MS (NeoBase non-derivatized kit; Waters/AB Sciex),F,0 to ≤1 day,9496,0.03,0.18,0.03–0.04,0.17–0.18,90%,
26,T2,C12:1,μM,China newborns (dried blood spots),MS/MS (NeoBase non-derivatized kit; Waters/AB Sciex),M,1 day to ≤2 days,112482,0.02,0.17,0.02–0.02,0.17–0.17,90%,
26,T2,C12:1,μM,China newborns (dried blood spots),MS/MS (NeoBase non-derivatized kit; Waters/AB Sciex),F,1 day to ≤2 days,100630,0.02,0.15,0.02–0.02,0.15–0.15,90%,
26,T2,C12:1,μM,China newborns (dried blood spots),MS/MS (NeoBase non-derivatized kit; Waters/AB Sciex),M,2 days to ≤3 days,1010273,0.02,0.15,0.02–0.02,0.15–0.15,90%,
26,T2,C12:1,μM,China newborns (dried blood spots),MS/MS (NeoBase non-derivatized kit; Waters/AB Sciex),F,2 days to ≤3 days,908710,0.02,0.13,0.02–0.02,0.13–0.13,90%,
26,T2,C12:1,μM,China newborns (dried blood spots),MS/MS (NeoBase non-derivatized kit; Waters/AB Sciex),M,3 days to ≤4 days,724065,0.02,0.11,0.02–0.02,0.11–0.11,90%,
26,T2,C12:1,μM,China newborns (dried blood spots),MS/MS (NeoBase non-derivatized kit; Waters/AB Sciex),F,3 days to ≤4 days,667570,0.02,0.11,0.02–0.02,0.11–0.11,90%,
26,T2,C12:1,μM,China newborns (dried blood spots),MS/MS (NeoBase non-derivatized kit; Waters/AB Sciex),M,4 days to ≤5 days,145737,0.01,0.08,0.01–0.01,0.08–0.08,90%,
26,T2,C12:1,μM,China newborns (dried blood spots),MS/MS (NeoBase non-derivatized kit; Waters/AB Sciex),F,4 days to ≤5 days,133250,0.01,0.08,0.01–0.01,0.08–0.08,90%,
26,T2,C12:1,μM,China newborns (dried blood spots),MS/MS (NeoBase non-derivatized kit; Waters/AB Sciex),M,5 days to ≤6 days,92154,0.01,0.08,0.01–0.01,0.08–0.08,90%,
26,T2,C12:1,μM,China newborns (dried blood spots),MS/MS (NeoBase non-derivatized kit; Waters/AB Sciex),F,5 days to ≤6 days,83848,0.01,0.08,0.01–0.01,0.08–0.08,90%,
26,T2,C12:1,μM,China newborns (dried blood spots),MS/MS (NeoBase non-derivatized kit; Waters/AB Sciex),M,6 days to ≤7 days,58635,0.01,0.08,0.01–0.01,0.08–0.08,90%,
26,T2,C12:1,μM,China newborns (dried blood spots),MS/MS (NeoBase non-derivatized kit; Waters/AB Sciex),F,6 days to ≤7 days,50920,0.01,0.07,0.01–0.01,0.07–0.07,90%,
26,T2,C12:1,μM,China newborns (dried blood spots),MS/MS (NeoBase non-derivatized kit; Waters/AB Sciex),M,7 days to ≤8 days,32510,0.01,0.07,0.01–0.01,0.07–0.07,90%,
26,T2,C12:1,μM,China newborns (dried blood spots),MS/MS (NeoBase non-derivatized kit; Waters/AB Sciex),F,7 days to ≤8 days,28700,0.01,0.07,0.01–0.01,0.07–0.07,90%,
26,T2,C12:1,μM,China newborns (dried blood spots),MS/MS (NeoBase non-derivatized kit; Waters/AB Sciex),M,8 days to ≤9 days,24442,0.01,0.07,0.01–0.01,0.07–0.07,90%,
26,T2,C12:1,μM,China newborns (dried blood spots),MS/MS (NeoBase non-derivatized kit; Waters/AB Sciex),F,8 days to ≤9 days,21474,0.01,0.07,0.01–0.01,0.07–0.07,90%,
26,T2,C12:1,μM,China newborns (dried blood spots),MS/MS (NeoBase non-derivatized kit; Waters/AB Sciex),M,9 days to ≤10 days,19257,0.01,0.07,0.01–0.01,0.07–0.07,90%,
26,T2,C12:1,μM,China newborns (dried blood spots),MS/MS (NeoBase non-derivatized kit; Waters/AB Sciex),F,9 days to ≤10 days,16842,0.01,0.07,0.01–0.01,0.07–0.07,90%,
26,T2,C12:1,μM,China newborns (dried blood spots),MS/MS (NeoBase non-derivatized kit; Waters/AB Sciex),M,10 days to ≤11 days,27891,0.01,0.07,0.01–0.01,0.07–0.08,90%,
26,T2,C12:1,μM,China newborns (dried blood spots),MS/MS (NeoBase non-derivatized kit; Waters/AB Sciex),F,10 days to ≤11 days,27891,0.01,0.07,0.01–0.01,0.07–0.08,90%,
26,T2,C12:1,μM,China newborns (dried blood spots),MS/MS (NeoBase non-derivatized kit; Waters/AB Sciex),M,11 days to ≤12 days,13775,0.01,0.07,0.01–0.01,0.07–0.08,90%,
26,T2,C12:1,μM,China newborns (dried blood spots),MS/MS (NeoBase non-derivatized kit; Waters/AB Sciex),F,11 days to ≤12 days,12010,0.01,0.06,0.01–0.01,0.06–0.06,90%,
26,T2,C12:1,μM,China newborns (dried blood spots),MS/MS (NeoBase non-derivatized kit; Waters/AB Sciex),M,12 days to ≤13 days,23078,0.01,0.06,0.01–0.01,0.06–0.06,90%,
26,T2,C12:1,μM,China newborns (dried blood spots),MS/MS (NeoBase non-derivatized kit; Waters/AB Sciex),F,12 days to ≤13 days,23078,0.01,0.06,0.01–0.01,0.06–0.06,90%,
26,T2,C12:1,μM,China newborns (dried blood spots),MS/MS (NeoBase non-derivatized kit; Waters/AB Sciex),M,13 days to ≤14 days,21236,0.01,0.06,0.01–0.01,0.06–0.06,90%,
26,T2,C12:1,μM,China newborns (dried blood spots),MS/MS (NeoBase non-derivatized kit; Waters/AB Sciex),F,13 days to ≤14 days,21236,0.01,0.06,0.01–0.01,0.06–0.06,90%,
26,T2,C14,μM,China newborns (dried blood spots),MS/MS (NeoBase non-derivatized kit; Waters/AB Sciex),M,0 to ≤1 day,10276,0.10,0.31,0.09–0.10,0.31–0.31,90%,
26,T2,C14,μM,China newborns (dried blood spots),MS/MS (NeoBase non-derivatized kit; Waters/AB Sciex),F,0 to ≤1 day,9576,0.10,0.29,0.10–0.11,0.29–0.30,90%,
26,T2,C14,μM,China newborns (dried blood spots),MS/MS (NeoBase non-derivatized kit; Waters/AB Sciex),M,1 day to ≤2 days,115584,0.10,0.32,0.10–0.10,0.32–0.32,90%,
26,T2,C14,μM,China newborns (dried blood spots),MS/MS (NeoBase non-derivatized kit; Waters/AB Sciex),F,1 day to ≤2 days,105485,0.09,0.29,0.09–0.09,0.29–0.29,90%,
26,T2,C14,μM,China newborns (dried blood spots),MS/MS (NeoBase non-derivatized kit; Waters/AB Sciex),M,2 days to ≤3 days,1051129,0.10,0.32,0.10–0.10,0.32–0.32,90%,
26,T2,C14,μM,China newborns (dried blood spots),MS/MS (NeoBase non-derivatized kit; Waters/AB Sciex),F,2 days to ≤3 days,966553,0.09,0.27,0.09–0.09,0.27–0.27,90%,
26,T2,C14,μM,China newborns (dried blood spots),MS/MS (NeoBase non-derivatized kit; Waters/AB Sciex),M,3 days to ≤4 days,802286,0.10,0.30,0.10–0.10,0.30–0.30,90%,
26,T2,C14,μM,China newborns (dried blood spots),MS/MS (NeoBase non-derivatized kit; Waters/AB Sciex),F,3 days to ≤4 days,732834,0.09,0.26,0.09–0.09,0.26–0.26,90%,
26,T2,C14,μM,China newborns (dried blood spots),MS/MS (NeoBase non-derivatized kit; Waters/AB Sciex),M,4 days to ≤5 days,159413,0.08,0.26,0.08–0.08,0.26–0.26,90%,
26,T2,C14,μM,China newborns (dried blood spots),MS/MS (NeoBase non-derivatized kit; Waters/AB Sciex),F,4 days to ≤5 days,144235,0.07,0.24,0.07–0.07,0.24–0.24,90%,
26,T2,C14,μM,China newborns (dried blood spots),MS/MS (NeoBase non-derivatized kit; Waters/AB Sciex),M,5 days to ≤6 days,96965,0.08,0.27,0.08–0.08,0.27–0.28,90%,
26,T2,C14,μM,China newborns (dried blood spots),MS/MS (NeoBase non-derivatized kit; Waters/AB Sciex),F,5 days to ≤6 days,87569,0.07,0.24,0.07–0.07,0.24–0.24,90%,
26,T2,C14,μM,China newborns (dried blood spots),MS/MS (NeoBase non-derivatized kit; Waters/AB Sciex),M,6 days to ≤7 days,59675,0.07,0.26,0.07–0.07,0.26–0.27,90%,
26,T2,C14,μM,China newborns (dried blood spots),MS/MS (NeoBase non-derivatized kit; Waters/AB Sciex),F,6 days to ≤7 days,53205,0.07,0.23,0.07–0.08,0.23–0.23,90%,
26,T2,C14,μM,China newborns (dried blood spots),MS/MS (NeoBase non-derivatized kit; Waters/AB Sciex),M,7 days to ≤8 days,33875,0.06,0.24,0.06–0.07,0.24–0.24,90%,
26,T2,C14,μM,China newborns (dried blood spots),MS/MS (NeoBase non-derivatized kit; Waters/AB Sciex),F,7 days to ≤8 days,29593,0.06,0.21,0.06–0.06,0.21–0.21,90%,
26,T2,C14,μM,China newborns (dried blood spots),MS/MS (NeoBase non-derivatized kit; Waters/AB Sciex),M,8 days to ≤9 days,25204,0.06,0.23,0.06–0.06,0.23–0.23,90%,
26,T2,C14,μM,China newborns (dried blood spots),MS/MS (NeoBase non-derivatized kit; Waters/AB Sciex),F,8 days to ≤9 days,21898,0.06,0.20,0.06–0.06,0.20–0.20,90%,
26,T2,C14,μM,China newborns (dried blood spots),MS/MS (NeoBase non-derivatized kit; Waters/AB Sciex),M,9 days to ≤10 days,19618,0.06,0.22,0.06–0.06,0.22–0.22,90%,
26,T2,C14,μM,China newborns (dried blood spots),MS/MS (NeoBase non-derivatized kit; Waters/AB Sciex),F,9 days to ≤10 days,16947,0.05,0.19,0.05–0.05,0.18–0.19,90%,
26,T2,C14,μM,China newborns (dried blood spots),MS/MS (NeoBase non-derivatized kit; Waters/AB Sciex),M,10 days to ≤11 days,15033,0.05,0.20,0.05–0.05,0.20–0.20,90%,
26,T2,C14,μM,China newborns (dried blood spots),MS/MS (NeoBase non-derivatized kit; Waters/AB Sciex),F,10 days to ≤11 days,12891,0.05,0.19,0.05–0.05,0.19–0.20,90%,
26,T2,C14,μM,China newborns (dried blood spots),MS/MS (NeoBase non-derivatized kit; Waters/AB Sciex),M,11 days to ≤12 days,13681,0.05,0.19,0.05–0.05,0.19–0.19,90%,
26,T2,C14,μM,China newborns (dried blood spots),MS/MS (NeoBase non-derivatized kit; Waters/AB Sciex),F,11 days to ≤12 days,11719,0.05,0.17,0.05–0.05,0.17–0.17,90%,
26,T2,C14,μM,China newborns (dried blood spots),MS/MS (NeoBase non-derivatized kit; Waters/AB Sciex),M,12 days to ≤13 days,12020,0.05,0.17,0.05–0.05,0.17–0.17,90%,
26,T2,C14,μM,China newborns (dried blood spots),MS/MS (NeoBase non-derivatized kit; Waters/AB Sciex),F,12 days to ≤13 days,10433,0.05,0.16,0.05–0.06,0.16–0.16,90%,
26,T2,C14,μM,China newborns (dried blood spots),MS/MS (NeoBase non-derivatized kit; Waters/AB Sciex),M,13 days to ≤14 days,10875,0.05,0.17,0.05–0.05,0.16–0.17,90%,
26,T2,C14,μM,China newborns (dried blood spots),MS/MS (NeoBase non-derivatized kit; Waters/AB Sciex),F,13 days to ≤14 days,9310,0.04,0.15,0.04–0.04,0.15–0.15,90%,
26,T2,C14:1,μM,China newborns (dried blood spots),MS/MS (NeoBase non-derivatized kit; Waters/AB Sciex),M,0 to ≤1 day,10090,0.05,0.19,0.05–0.05,0.19–0.20,90%,
26,T2,C14:1,μM,China newborns (dried blood spots),MS/MS (NeoBase non-derivatized kit; Waters/AB Sciex),F,0 to ≤1 day,9410,0.05,0.18,0.05–0.05,0.17–0.18,90%,
26,T2,C14:1,μM,China newborns (dried blood spots),MS/MS (NeoBase non-derivatized kit; Waters/AB Sciex),M,1 day to ≤2 days,112866,0.04,0.19,0.04–0.04,0.19–0.19,90%,
26,T2,C14:1,μM,China newborns (dried blood spots),MS/MS (NeoBase non-derivatized kit; Waters/AB Sciex),F,1 day to ≤2 days,103385,0.04,0.18,0.04–0.04,0.18–0.18,90%,
26,T2,C14:1,μM,China newborns (dried blood spots),MS/MS (NeoBase non-derivatized kit; Waters/AB Sciex),M,2 days to ≤3 days,1034450,0.04,0.15,0.04–0.04,0.15–0.15,90%,
26,T2,C14:1,μM,China newborns (dried blood spots),MS/MS (NeoBase non-derivatized kit; Waters/AB Sciex),F,2 days to ≤3 days,950964,0.04,0.17,0.04–0.04,0.17–0.17,90%,
26,T2,C14:1,μM,China newborns (dried blood spots),MS/MS (NeoBase non-derivatized kit; Waters/AB Sciex),M,3 days to ≤4 days,795493,0.04,0.15,0.04–0.04,0.15–0.15,90%,
26,T2,C14:1,μM,China newborns (dried blood spots),MS/MS (NeoBase non-derivatized kit; Waters/AB Sciex),F,3 days to ≤4 days,725717,0.03,0.13,0.03–0.03,0.13–0.13,90%,
26,T2,C14:1,μM,China newborns (dried blood spots),MS/MS (NeoBase non-derivatized kit; Waters/AB Sciex),M,4 days to ≤5 days,158635,0.03,0.10,0.03–0.03,0.10–0.10,90%,
26,T2,C14:1,μM,China newborns (dried blood spots),MS/MS (NeoBase non-derivatized kit; Waters/AB Sciex),F,4 days to ≤5 days,143346,0.03,0.10,0.03–0.03,0.10–0.10,90%,
26,T2,C14:1,μM,China newborns (dried blood spots),MS/MS (NeoBase non-derivatized kit; Waters/AB Sciex),M,5 days to ≤6 days,96220,0.03,0.09,0.03–0.03,0.09–0.09,90%,
26,T2,C14:1,μM,China newborns (dried blood spots),MS/MS (NeoBase non-derivatized kit; Waters/AB Sciex),F,5 days to ≤6 days,86643,0.03,0.09,0.03–0.03,0.09–0.09,90%,
26,T2,C14:1,μM,China newborns (dried blood spots),MS/MS (NeoBase non-derivatized kit; Waters/AB Sciex),M,6 days to ≤7 days,59052,0.03,0.08,0.03–0.03,0.08–0.08,90%,
26,T2,C14:1,μM,China newborns (dried blood spots),MS/MS (NeoBase non-derivatized kit; Waters/AB Sciex),F,6 days to ≤7 days,52528,0.03,0.08,0.03–0.03,0.08–0.08,90%,
26,T2,C14:1,μM,China newborns (dried blood spots),MS/MS (NeoBase non-derivatized kit; Waters/AB Sciex),M,7 days to ≤8 days,33435,0.03,0.08,0.03–0.03,0.08–0.08,90%,
26,T2,C14:1,μM,China newborns (dried blood spots),MS/MS (NeoBase non-derivatized kit; Waters/AB Sciex),F,7 days to ≤8 days,29189,0.02,0.08,0.02–0.03,0.08–0.08,90%,
26,T2,C14:1,μM,China newborns (dried blood spots),MS/MS (NeoBase non-derivatized kit; Waters/AB Sciex),M,8 days to ≤9 days,24906,0.02,0.08,0.02–0.03,0.08–0.08,90%,
26,T2,C14:1,μM,China newborns (dried blood spots),MS/MS (NeoBase non-derivatized kit; Waters/AB Sciex),F,8 days to ≤9 days,21667,0.02,0.08,0.02–0.02,0.08–0.08,90%,
26,T2,C14:1,μM,China newborns (dried blood spots),MS/MS (NeoBase non-derivatized kit; Waters/AB Sciex),M,9 days to ≤10 days,19448,0.02,0.08,0.02–0.02,0.08–0.08,90%,
26,T2,C14:1,μM,China newborns (dried blood spots),MS/MS (NeoBase non-derivatized kit; Waters/AB Sciex),F,9 days to ≤10 days,16852,0.02,0.06,0.02–0.02,0.06–0.06,90%,
26,T2,C14:1,μM,China newborns (dried blood spots),MS/MS (NeoBase non-derivatized kit; Waters/AB Sciex),M,10 days to ≤11 days,14943,0.03,0.06,0.03–0.03,0.06–0.06,90%,
26,T2,C14:1,μM,China newborns (dried blood spots),MS/MS (NeoBase non-derivatized kit; Waters/AB Sciex),F,10 days to ≤11 days,12905,0.02,0.06,0.02–0.02,0.06–0.06,90%,
26,T2,C14:1,μM,China newborns (dried blood spots),MS/MS (NeoBase non-derivatized kit; Waters/AB Sciex),M,11 days to ≤12 days ( kl ),13685,0.03,0.06,0.03–0.03,0.06–0.06,90%,
26,T2,C14:1,μM,China newborns (dried blood spots),MS/MS (NeoBase non-derivatized kit; Waters/AB Sciex),F,11 days to ≤12 days ( kl ),11850,0.02,0.07,0.02–0.02,0.07–0.07,90%,
26,T2,C14:1,μM,China newborns (dried blood spots),MS/MS (NeoBase non-derivatized kit; Waters/AB Sciex),M,12 days to ≤13 days,12109,0.02,0.06,0.02–0.02,0.06–0.06,90%,
26,T2,C14:1,μM,China newborns (dried blood spots),MS/MS (NeoBase non-derivatized kit; Waters/AB Sciex),F,12 days to ≤13 days,10701,0.02,0.07,0.02–0.02,0.07–0.07,90%,
26,T2,C14:1,μM,China newborns (dried blood spots),MS/MS (NeoBase non-derivatized kit; Waters/AB Sciex),M,13 days to ≤14 days,20766,0.02,0.07,0.02–0.02,0.07–0.07,90%,
26,T2,C14:1,μM,China newborns (dried blood spots),MS/MS (NeoBase non-derivatized kit; Waters/AB Sciex),F,13 days to ≤14 days,20766,0.02,0.07,0.02–0.02,0.07–0.07,90%,
26,T2,C16,μM,China newborns (dried blood spots),MS/MS (NeoBase non-derivatized kit; Waters/AB Sciex),M,0 to ≤1 day,10319,1.55,4.97,1.53–1.57,4.93–5.00,90%,
26,T2,C16,μM,China newborns (dried blood spots),MS/MS (NeoBase non-derivatized kit; Waters/AB Sciex),F,0 to ≤1 day,9593,1.50,4.75,1.48–1.53,4.71–4.79,90%,
26,T2,C16,μM,China newborns (dried blood spots),MS/MS (NeoBase non-derivatized kit; Waters/AB Sciex),M,1 day to ≤2 days,116204,1.47,5.31,1.46–1.48,5.30–5.33,90%,
26,T2,C16,μM,China newborns (dried blood spots),MS/MS (NeoBase non-derivatized kit; Waters/AB Sciex),F,1 day to ≤2 days,105744,1.38,4.96,1.37–1.39,4.95–4.97,90%,
26,T2,C16,μM,China newborns (dried blood spots),MS/MS (NeoBase non-derivatized kit; Waters/AB Sciex),M,2 days to ≤3 days,1054703,1.45,5.51,1.45–1.45,5.51–5.51,90%,
26,T2,C16,μM,China newborns (dried blood spots),MS/MS (NeoBase non-derivatized kit; Waters/AB Sciex),F,2 days to ≤3 days,968021,1.35,5.14,1.35–1.35,5.13–5.14,90%,
26,T2,C16,μM,China newborns (dried blood spots),MS/MS (NeoBase non-derivatized kit; Waters/AB Sciex),M,3 days to ≤4 days,802507,1.33,5.28,1.32–1.33,5.27–5.28,90%,
26,T2,C16,μM,China newborns (dried blood spots),MS/MS (NeoBase non-derivatized kit; Waters/AB Sciex),F,3 days to ≤4 days,732751,1.25,4.94,1.25–1.26,4.94–4.95,90%,
26,T2,C16,μM,China newborns (dried blood spots),MS/MS (NeoBase non-derivatized kit; Waters/AB Sciex),M,4 days to ≤5 days,159501,1.09,4.50,1.08–1.09,4.49–4.50,90%,
26,T2,C16,μM,China newborns (dried blood spots),MS/MS (NeoBase non-derivatized kit; Waters/AB Sciex),F,4 days to ≤5 days,144473,1.02,4.20,1.02–1.03,4.19–4.21,90%,
26,T2,C16,μM,China newborns (dried blood spots),MS/MS (NeoBase non-derivatized kit; Waters/AB Sciex),M,5 days to ≤6 days,97154,0.97,3.86,0.96–0.97,3.85–3.87,90%,
26,T2,C16,μM,China newborns (dried blood spots),MS/MS (NeoBase non-derivatized kit; Waters/AB Sciex),F,5 days to ≤6 days,87762,0.91,3.61,0.90–0.91,3.60–3.62,90%,
26,T2,C16,μM,China newborns (dried blood spots),MS/MS (NeoBase non-derivatized kit; Waters/AB Sciex),M,6 days to ≤7 days,59798,0.87,3.34,0.87–0.88,3.33–3.35,90%,
26,T2,C16,μM,China newborns (dried blood spots),MS/MS (NeoBase non-derivatized kit; Waters/AB Sciex),F,6 days to ≤7 days,53291,0.80,3.10,0.79–0.80,3.10–3.12,90%,
26,T2,C16,μM,China newborns (dried blood spots),MS/MS (NeoBase non-derivatized kit; Waters/AB Sciex),M,7 days to ≤8 days,33940,0.77,2.98,0.76–0.78,2.97–2.99,90%,
26,T2,C16,μM,China newborns (dried blood spots),MS/MS (NeoBase non-derivatized kit; Waters/AB Sciex),F,7 days to ≤8 days,29596,0.72,2.76,0.71–0.72,2.75–2.77,90%,
26,T2,C16,μM,China newborns (dried blood spots),MS/MS (NeoBase non-derivatized kit; Waters/AB Sciex),M,8 days to ≤9 days,25243,0.70,2.70,0.69–0.70,2.69–2.72,90%,
26,T2,C16,μM,China newborns (dried blood spots),MS/MS (NeoBase non-derivatized kit; Waters/AB Sciex),F,8 days to ≤9 days,21916,0.67,2.50,0.66–0.68,2.48–2.52,90%,
26,T2,C16,μM,China newborns (dried blood spots),MS/MS (NeoBase non-derivatized kit; Waters/AB Sciex),M,9 days to ≤10 days,19549,0.64,2.49,0.62–0.64,2.48–2.51,90%,
26,T2,C16,μM,China newborns (dried blood spots),MS/MS (NeoBase non-derivatized kit; Waters/AB Sciex),F,9 days to ≤10 days,16879,0.60,2.27,0.59–0.61,2.26–2.28,90%,
26,T2,C16,μM,China newborns (dried blood spots),MS/MS (NeoBase non-derivatized kit; Waters/AB Sciex),M,10 days to ≤11 days,14862,0.59,2.23,0.58–0.60,2.22–2.25,90%,
26,T2,C16,μM,China newborns (dried blood spots),MS/MS (NeoBase non-derivatized kit; Waters/AB Sciex),F,10 days to ≤11 days,12735,0.56,2.06,0.55–0.57,2.05–2.07,90%,
26,T2,C16,μM,China newborns (dried blood spots),MS/MS (NeoBase non-derivatized kit; Waters/AB Sciex),M,11 days to ≤12 days,13404,0.55,2.03,0.55–0.56,2.01–2.04,90%,
26,T2,C16,μM,China newborns (dried blood spots),MS/MS (NeoBase non-derivatized kit; Waters/AB Sciex),F,11 days to ≤12 days,11440,0.52,1.86,0.51–0.52,1.85–1.88,90%,
26,T2,C16,μM,China newborns (dried blood spots),MS/MS (NeoBase non-derivatized kit; Waters/AB Sciex),M,12 days to ≤13 days,11545,0.51,1.88,0.50–0.52,1.87–1.90,90%,
26,T2,C16,μM,China newborns (dried blood spots),MS/MS (NeoBase non-derivatized kit; Waters/AB Sciex),F,12 days to ≤13 days,9973,0.49,1.71,0.49–0.50,1.70–1.72,90%,
26,T2,C16,μM,China newborns (dried blood spots),MS/MS (NeoBase non-derivatized kit; Waters/AB Sciex),M,13 days to ≤14 days,10263,0.48,1.71,0.48–0.49,1.70–1.73,90%,
26,T2,C16,μM,China newborns (dried blood spots),MS/MS (NeoBase non-derivatized kit; Waters/AB Sciex),F,13 days to ≤14 days,8624,0.46,1.56,0.45–0.47,1.54–1.58,90%,
26,T2,C16:1,μM,China newborns (dried blood spots),MS/MS (NeoBase non-derivatized kit; Waters/AB Sciex),M,0 to ≤1 day,10346,0.07,0.36,0.06–0.07,0.36–0.37,90%,
26,T2,C16:1,μM,China newborns (dried blood spots),MS/MS (NeoBase non-derivatized kit; Waters/AB Sciex),F,0 to ≤1 day,9602,0.07,0.33,0.07–0.07,0.33–0.33,90%,
26,T2,C16:1,μM,China newborns (dried blood spots),MS/MS (NeoBase non-derivatized kit; Waters/AB Sciex),M,1 day to ≤2 days,116328,0.07,0.36,0.07–0.07,0.36–0.36,90%,
26,T2,C16:1,μM,China newborns (dried blood spots),MS/MS (NeoBase non-derivatized kit; Waters/AB Sciex),F,1 day to ≤2 days,105855,0.07,0.34,0.07–0.07,0.34–0.34,90%,
26,T2,C16:1,μM,China newborns (dried blood spots),MS/MS (NeoBase non-derivatized kit; Waters/AB Sciex),M,2 days to ≤3 days,1057815,0.07,0.36,0.07–0.07,0.36–0.36,90%,
26,T2,C16:1,μM,China newborns (dried blood spots),MS/MS (NeoBase non-derivatized kit; Waters/AB Sciex),F,2 days to ≤3 days,969526,0.06,0.33,0.06–0.06,0.33–0.33,90%,
26,T2,C16:1,μM,China newborns (dried blood spots),MS/MS (NeoBase non-derivatized kit; Waters/AB Sciex),M,3 days to ≤4 days,804706,0.06,0.32,0.06–0.06,0.32–0.32,90%,
26,T2,C16:1,μM,China newborns (dried blood spots),MS/MS (NeoBase non-derivatized kit; Waters/AB Sciex),F,3 days to ≤4 days,733932,0.06,0.30,0.06–0.06,0.30–0.30,90%,
26,T2,C16:1,μM,China newborns (dried blood spots),MS/MS (NeoBase non-derivatized kit; Waters/AB Sciex),M,4 days to ≤5 days,159884,0.05,0.25,0.05–0.05,0.25–0.25,90%,
26,T2,C16:1,μM,China newborns (dried blood spots),MS/MS (NeoBase non-derivatized kit; Waters/AB Sciex),F,4 days to ≤5 days,144775,0.04,0.22,0.04–0.04,0.22–0.22,90%,
26,T2,C16:1,μM,China newborns (dried blood spots),MS/MS (NeoBase non-derivatized kit; Waters/AB Sciex),M,5 days to ≤6 days,97437,0.04,0.18,0.04–0.04,0.18–0.18,90%,
26,T2,C16:1,μM,China newborns (dried blood spots),MS/MS (NeoBase non-derivatized kit; Waters/AB Sciex),F,5 days to ≤6 days,88045,0.04,0.17,0.04–0.04,0.17–0.17,90%,
26,T2,C16:1,μM,China newborns (dried blood spots),MS/MS (NeoBase non-derivatized kit; Waters/AB Sciex),M,6 days to ≤7 days,60085,0.04,0.15,0.03–0.04,0.15–0.15,90%,
26,T2,C16:1,μM,China newborns (dried blood spots),MS/MS (NeoBase non-derivatized kit; Waters/AB Sciex),F,6 days to ≤7 days,53651,0.03,0.14,0.03–0.03,0.14–0.14,90%,
26,T2,C16:1,μM,China newborns (dried blood spots),MS/MS (NeoBase non-derivatized kit; Waters/AB Sciex),M,7 days to ≤8 days,34226,0.03,0.14,0.03–0.03,0.14–0.14,90%,
26,T2,C16:1,μM,China newborns (dried blood spots),MS/MS (NeoBase non-derivatized kit; Waters/AB Sciex),F,7 days to ≤8 days,29973,0.03,0.12,0.03–0.03,0.12–0.12,90%,
26,T2,C16:1,μM,China newborns (dried blood spots),MS/MS (NeoBase non-derivatized kit; Waters/AB Sciex),M,8 days to ≤9 days,25596,0.03,0.12,0.03–0.03,0.12–0.12,90%,
26,T2,C16:1,μM,China newborns (dried blood spots),MS/MS (NeoBase non-derivatized kit; Waters/AB Sciex),F,8 days to ≤9 days,22347,0.03,0.11,0.03–0.03,0.11–0.11,90%,
26,T2,C16:1,μM,China newborns (dried blood spots),MS/MS (NeoBase non-derivatized kit; Waters/AB Sciex),M,9 days to ≤10 days,20021,0.03,0.11,0.03–0.03,0.11–0.11,90%,
26,T2,C16:1,μM,China newborns (dried blood spots),MS/MS (NeoBase non-derivatized kit; Waters/AB Sciex),F,9 days to ≤10 days,17461,0.03,0.10,0.03–0.03,0.10–0.10,90%,
26,T2,C16:1,μM,China newborns (dried blood spots),MS/MS (NeoBase non-derivatized kit; Waters/AB Sciex),M,10 days to ≤11 days,15462,0.03,0.10,0.03–0.03,0.10–0.10,90%,
26,T2,C16:1,μM,China newborns (dried blood spots),MS/MS (NeoBase non-derivatized kit; Waters/AB Sciex),F,10 days to ≤11 days,13416,0.02,0.09,0.02–0.02,0.09–0.09,90%,
26,T2,C16:1,μM,China newborns (dried blood spots),MS/MS (NeoBase non-derivatized kit; Waters/AB Sciex),M,11 days to ≤12 days,14205,0.02,0.09,0.02–0.02,0.09–0.09,90%,
26,T2,C16:1,μM,China newborns (dried blood spots),MS/MS (NeoBase non-derivatized kit; Waters/AB Sciex),F,11 days to ≤12 days,12341,0.02,0.08,0.02–0.02,0.08–0.08,90%,
26,T2,C16:1,μM,China newborns (dried blood spots),MS/MS (NeoBase non-derivatized kit; Waters/AB Sciex),M,12 days to ≤13 days,12566,0.02,0.09,0.02–0.02,0.09–0.10,90%,
26,T2,C16:1,μM,China newborns (dried blood spots),MS/MS (NeoBase non-derivatized kit; Waters/AB Sciex),F,12 days to ≤13 days,11183,0.02,0.08,0.02–0.02,0.08–0.08,90%,
26,T2,C16:1,μM,China newborns (dried blood spots),MS/MS (NeoBase non-derivatized kit; Waters/AB Sciex),M,13 days to ≤14 days,11545,0.02,0.08,0.02–0.02,0.08–0.08,90%,
26,T2,C16:1,μM,China newborns (dried blood spots),MS/MS (NeoBase non-derivatized kit; Waters/AB Sciex),F,13 days to ≤14 days,10146,0.02,0.07,0.02–0.02,0.07–0.07,90%,
26,T2,C16:1-OH,μM,China newborns (dried blood spots),MS/MS (NeoBase non-derivatized kit; Waters/AB Sciex),M,0 to ≤1 day,9569,0.02,0.05,0.02–0.02,0.05–0.05,90%,
26,T2,C16:1-OH,μM,China newborns (dried blood spots),MS/MS (NeoBase non-derivatized kit; Waters/AB Sciex),F,0 to ≤1 day,9225,0.02,0.05,0.02–0.02,0.05–0.05,90%,
26,T2,C16:1-OH,μM,China newborns (dried blood spots),MS/MS (NeoBase non-derivatized kit; Waters/AB Sciex),M,1 day to ≤2 days,115989,0.02,0.07,0.02–0.02,0.07–0.07,90%,
26,T2,C16:1-OH,μM,China newborns (dried blood spots),MS/MS (NeoBase non-derivatized kit; Waters/AB Sciex),F,1 day to ≤2 days,99821,0.02,0.05,0.02–0.02,0.05–0.05,90%,
26,T2,C16:1-OH,μM,China newborns (dried blood spots),MS/MS (NeoBase non-derivatized kit; Waters/AB Sciex),M,2 days to ≤3 days,980322,0.02,0.05,0.02–0.02,0.05–0.05,90%,
26,T2,C16:1-OH,μM,China newborns (dried blood spots),MS/MS (NeoBase non-derivatized kit; Waters/AB Sciex),F,2 days to ≤3 days,928315,0.02,0.05,0.02–0.02,0.05–0.05,90%,
26,T2,C16:1-OH,μM,China newborns (dried blood spots),MS/MS (NeoBase non-derivatized kit; Waters/AB Sciex),M,3 days to ≤4 days,754726,0.02,0.05,0.02–0.02,0.05–0.05,90%,
26,T2,C16:1-OH,μM,China newborns (dried blood spots),MS/MS (NeoBase non-derivatized kit; Waters/AB Sciex),F,3 days to ≤4 days,705462,0.02,0.05,0.02–0.02,0.05–0.05,90%,
26,T2,C16:1-OH,μM,China newborns (dried blood spots),MS/MS (NeoBase non-derivatized kit; Waters/AB Sciex),M,4 days to ≤5 days,149642,0.02,0.05,0.02–0.02,0.05–0.05,90%,
26,T2,C16:1-OH,μM,China newborns (dried blood spots),MS/MS (NeoBase non-derivatized kit; Waters/AB Sciex),F,4 days to ≤5 days,144347,0.02,0.06,0.02–0.02,0.06–0.06,90%,
26,T2,C16:1-OH,μM,China newborns (dried blood spots),MS/MS (NeoBase non-derivatized kit; Waters/AB Sciex),M,5 days to ≤6 days,90618,0.02,0.05,0.02–0.02,0.05–0.05,90%,
26,T2,C16:1-OH,μM,China newborns (dried blood spots),MS/MS (NeoBase non-derivatized kit; Waters/AB Sciex),F,5 days to ≤6 days,87648,0.01,0.06,0.01–0.01,0.06–0.06,90%,
26,T2,C16:1-OH,μM,China newborns (dried blood spots),MS/MS (NeoBase non-derivatized kit; Waters/AB Sciex),M,6 days to ≤7 days,59576,0.01,0.06,0.01–0.01,0.06–0.06,90%,
26,T2,C16:1-OH,μM,China newborns (dried blood spots),MS/MS (NeoBase non-derivatized kit; Waters/AB Sciex),F,6 days to ≤7 days,53456,0.01,0.05,0.01–0.01,0.05–0.06,90%,
26,T2,C16:1-OH,μM,China newborns (dried blood spots),MS/MS (NeoBase non-derivatized kit; Waters/AB Sciex),M,7 days to ≤8 days,33962,0.01,0.06,0.01–0.01,0.06–0.06,90%,
26,T2,C16:1-OH,μM,China newborns (dried blood spots),MS/MS (NeoBase non-derivatized kit; Waters/AB Sciex),F,7 days to ≤8 days,27784,0.01,0.04,0.01–0.01,0.04–0.04,90%,
26,T2,C16:1-OH,μM,China newborns (dried blood spots),MS/MS (NeoBase non-derivatized kit; Waters/AB Sciex),M,8 days to ≤9 days,23435,0.01,0.04,0.01–0.01,0.04–0.04,90%,
26,T2,C16:1-OH,μM,China newborns (dried blood spots),MS/MS (NeoBase non-derivatized kit; Waters/AB Sciex),F,8 days to ≤9 days,20989,0.01,0.04,0.01–0.01,0.04–0.04,90%,
26,T2,C16:1-OH,μM,China newborns (dried blood spots),MS/MS (NeoBase non-derivatized kit; Waters/AB Sciex),M,9 days to ≤10 days,18652,0.01,0.04,0.01–0.01,0.04–0.04,90%,
26,T2,C16:1-OH,μM,China newborns (dried blood spots),MS/MS (NeoBase non-derivatized kit; Waters/AB Sciex),F,9 days to ≤10 days,16597,0.01,0.04,0.01–0.01,0.04–0.04,90%,
26,T2,C16:1-OH,μM,China newborns (dried blood spots),MS/MS (NeoBase non-derivatized kit; Waters/AB Sciex),M,10 days to ≤11 days,14641,0.01,0.04,0.01–0.01,0.04–0.04,90%,
26,T2,C16:1-OH,μM,China newborns (dried blood spots),MS/MS (NeoBase non-derivatized kit; Waters/AB Sciex),F,10 days to ≤11 days,12863,0.01,0.04,0.01–0.01,0.04–0.04,90%,
26,T2,C16:1-OH,μM,China newborns (dried blood spots),MS/MS (NeoBase non-derivatized kit; Waters/AB Sciex),M,11 days to ≤12 days,13595,0.01,0.04,0.01–0.01,0.04–0.04,90%,
26,T2,C16:1-OH,μM,China newborns (dried blood spots),MS/MS (NeoBase non-derivatized kit; Waters/AB Sciex),F,11 days to ≤12 days,11999,0.01,0.04,0.01–0.01,0.04–0.04,90%,
26,T2,C16:1-OH,μM,China newborns (dried blood spots),MS/MS (NeoBase non-derivatized kit; Waters/AB Sciex),M,12 days to ≤13 days,12103,0.01,0.04,0.01–0.01,0.04–0.04,90%,
26,T2,C16:1-OH,μM,China newborns (dried blood spots),MS/MS (NeoBase non-derivatized kit; Waters/AB Sciex),F,12 days to ≤13 days,10907,0.01,0.04,0.01–0.01,0.04–0.04,90%,
26,T2,C16:1-OH,μM,China newborns (dried blood spots),MS/MS (NeoBase non-derivatized kit; Waters/AB Sciex),M,13 days to ≤14 days,11202,0.01,0.04,0.01–0.01,0.04–0.04,90%,
26,T2,C16:1-OH,μM,China newborns (dried blood spots),MS/MS (NeoBase non-derivatized kit; Waters/AB Sciex),F,13 days to ≤14 days,9936,0.01,0.04,0.01–0.01,0.04–0.04,90%,
26,T2,C18,μM,China newborns (dried blood spots),MS/MS (NeoBase non-derivatized kit; Waters/AB Sciex),M,0 to ≤1 day,10309,0.47,1.34,0.46–0.48,1.33–1.35,90%,
26,T2,C18,μM,China newborns (dried blood spots),MS/MS (NeoBase non-derivatized kit; Waters/AB Sciex),F,0 to ≤1 day,9580,0.47,1.31,0.47–0.48,1.30–1.32,90%,
26,T2,C18,μM,China newborns (dried blood spots),MS/MS (NeoBase non-derivatized kit; Waters/AB Sciex),M,1 day to ≤2 days,115826,0.46,1.42,0.46–0.46,1.42–1.43,90%,
26,T2,C18,μM,China newborns (dried blood spots),MS/MS (NeoBase non-derivatized kit; Waters/AB Sciex),F,1 day to ≤2 days,105360,0.45,1.37,0.45–0.45,1.37–1.37,90%,
26,T2,C18,μM,China newborns (dried blood spots),MS/MS (NeoBase non-derivatized kit; Waters/AB Sciex),M,2 days to ≤3 days,1052773,0.46,1.44,0.46–0.46,1.44–1.44,90%,
26,T2,C18,μM,China newborns (dried blood spots),MS/MS (NeoBase non-derivatized kit; Waters/AB Sciex),F,2 days to ≤3 days,964779,0.44,1.40,0.43–0.44,1.40–1.40,90%,
26,T2,C18,μM,China newborns (dried blood spots),MS/MS (NeoBase non-derivatized kit; Waters/AB Sciex),M,3 days to ≤4 days,801080,0.43,1.39,0.43–0.43,1.39–1.39,90%,
26,T2,C18,μM,China newborns (dried blood spots),MS/MS (NeoBase non-derivatized kit; Waters/AB Sciex),F,3 days to ≤4 days,730502,0.42,1.34,0.42–0.42,1.34–1.34,90%,
26,T2,C18,μM,China newborns (dried blood spots),MS/MS (NeoBase non-derivatized kit; Waters/AB Sciex),M,4 days to ≤5 days,158855,0.37,1.24,0.37–0.37,1.24–1.24,90%,
26,T2,C18,μM,China newborns (dried blood spots),MS/MS (NeoBase non-derivatized kit; Waters/AB Sciex),F,4 days to ≤5 days,143811,0.37,1.21,0.37–0.38,1.21–1.22,90%,
26,T2,C18,μM,China newborns (dried blood spots),MS/MS (NeoBase non-derivatized kit; Waters/AB Sciex),M,5 days to ≤6 days,96492,0.34,1.16,0.33–0.34,1.16–1.17,90%,
26,T2,C18,μM,China newborns (dried blood spots),MS/MS (NeoBase non-derivatized kit; Waters/AB Sciex),F,5 days to ≤6 days,87141,0.34,1.12,0.34–0.34,1.11–1.12,90%,
26,T2,C18,μM,China newborns (dried blood spots),MS/MS (NeoBase non-derivatized kit; Waters/AB Sciex),M,6 days to ≤7 days,59184,0.32,1.08,0.32–0.32,1.08–1.08,90%,
26,T2,C18,μM,China newborns (dried blood spots),MS/MS (NeoBase non-derivatized kit; Waters/AB Sciex),F,6 days to ≤7 days,52787,0.31,1.06,0.30–0.31,1.06–1.07,90%,
26,T2,C18,μM,China newborns (dried blood spots),MS/MS (NeoBase non-derivatized kit; Waters/AB Sciex),M,7 days to ≤8 days,33424,0.30,1.01,0.30–0.30,1.01–1.02,90%,
26,T2,C18,μM,China newborns (dried blood spots),MS/MS (NeoBase non-derivatized kit; Waters/AB Sciex),F,7 days to ≤8 days,29241,0.29,0.98,0.28–0.29,0.98–0.99,90%,
26,T2,C18,μM,China newborns (dried blood spots),MS/MS (NeoBase non-derivatized kit; Waters/AB Sciex),M,8 days to ≤9 days,24755,0.28,0.95,0.28–0.28,0.95–0.95,90%,
26,T2,C18,μM,China newborns (dried blood spots),MS/MS (NeoBase non-derivatized kit; Waters/AB Sciex),F,8 days to ≤9 days,21557,0.28,0.94,0.28–0.29,0.94–0.95,90%,
26,T2,C18,μM,China newborns (dried blood spots),MS/MS (NeoBase non-derivatized kit; Waters/AB Sciex),M,9 days to ≤10 days,19096,0.27,0.91,0.27–0.27,0.91–0.92,90%,
26,T2,C18,μM,China newborns (dried blood spots),MS/MS (NeoBase non-derivatized kit; Waters/AB Sciex),F,9 days to ≤10 days,16643,0.26,0.91,0.25–0.26,0.90–0.91,90%,
26,T2,C18,μM,China newborns (dried blood spots),MS/MS (NeoBase non-derivatized kit; Waters/AB Sciex),M,10 days to ≤11 days,27104,0.25,0.87,0.24–0.25,0.86–0.87,90%,
26,T2,C18,μM,China newborns (dried blood spots),MS/MS (NeoBase non-derivatized kit; Waters/AB Sciex),F,10 days to ≤11 days,27104,0.25,0.87,0.24–0.25,0.86–0.87,90%,
26,T2,C18,μM,China newborns (dried blood spots),MS/MS (NeoBase non-derivatized kit; Waters/AB Sciex),M,11 days to ≤12 days,24437,0.24,0.83,0.24–0.24,0.82–0.83,90%,
26,T2,C18,μM,China newborns (dried blood spots),MS/MS (NeoBase non-derivatized kit; Waters/AB Sciex),F,11 days to ≤12 days,24437,0.24,0.83,0.24–0.24,0.82–0.83,90%,
26,T2,C18,μM,China newborns (dried blood spots),MS/MS (NeoBase non-derivatized kit; Waters/AB Sciex),M,12 days to ≤13 days,21305,0.23,0.79,0.23–0.23,0.79–0.79,90%,
26,T2,C18,μM,China newborns (dried blood spots),MS/MS (NeoBase non-derivatized kit; Waters/AB Sciex),F,12 days to ≤13 days,21305,0.23,0.79,0.23–0.23,0.79–0.79,90%,
26,T2,C18,μM,China newborns (dried blood spots),MS/MS (NeoBase non-derivatized kit; Waters/AB Sciex),M,13 days to ≤14 days,18900,0.22,0.77,0.22–0.22,0.77–0.78,90%,
26,T2,C18,μM,China newborns (dried blood spots),MS/MS (NeoBase non-derivatized kit; Waters/AB Sciex),F,13 days to ≤14 days,18900,0.22,0.77,0.22–0.22,0.77–0.78,90%,
26,T2,C18:1,μM,China newborns (dried blood spots),MS/MS (NeoBase non-derivatized kit; Waters/AB Sciex),M,0 to ≤1 day,10304,0.71,2.01,0.70–0.73,2.00–2.02,90%,
26,T2,C18:1,μM,China newborns (dried blood spots),MS/MS (NeoBase non-derivatized kit; Waters/AB Sciex),F,0 to ≤1 day,9577,0.68,1.90,0.67–0.68,1.89–1.92,90%,
26,T2,C18:1,μM,China newborns (dried blood spots),MS/MS (NeoBase non-derivatized kit; Waters/AB Sciex),M,1 day to ≤2 days,115614,0.79,2.20,0.79–0.79,2.20–2.21,90%,
26,T2,C18:1,μM,China newborns (dried blood spots),MS/MS (NeoBase non-derivatized kit; Waters/AB Sciex),F,1 day to ≤2 days,105331,0.74,2.06,0.73–0.74,2.06–2.07,90%,
26,T2,C18:1,μM,China newborns (dried blood spots),MS/MS (NeoBase non-derivatized kit; Waters/AB Sciex),M,2 days to ≤3 days,1045139,0.83,2.34,0.82–0.83,2.34–2.34,90%,
26,T2,C18:1,μM,China newborns (dried blood spots),MS/MS (NeoBase non-derivatized kit; Waters/AB Sciex),F,2 days to ≤3 days,962034,0.78,2.18,0.78–0.78,2.18–2.18,90%,
26,T2,C18:1,μM,China newborns (dried blood spots),MS/MS (NeoBase non-derivatized kit; Waters/AB Sciex),M,3 days to ≤4 days,792953,0.84,2.35,0.84–0.84,2.34–2.35,90%,
26,T2,C18:1,μM,China newborns (dried blood spots),MS/MS (NeoBase non-derivatized kit; Waters/AB Sciex),F,3 days to ≤4 days,727544,0.78,2.20,0.78–0.78,2.20–2.20,90%,
26,T2,C18:1,μM,China newborns (dried blood spots),MS/MS (NeoBase non-derivatized kit; Waters/AB Sciex),M,4 days to ≤5 days,157938,0.78,2.26,0.77–0.78,2.26–2.26,90%,
26,T2,C18:1,μM,China newborns (dried blood spots),MS/MS (NeoBase non-derivatized kit; Waters/AB Sciex),F,4 days to ≤5 days,143612,0.72,2.09,0.71–0.72,2.08–2.09,90%,
26,T2,C18:1,μM,China newborns (dried blood spots),MS/MS (NeoBase non-derivatized kit; Waters/AB Sciex),M,5 days to ≤6 days,96355,0.73,2.17,0.73–0.73,2.16–2.17,90%,
26,T2,C18:1,μM,China newborns (dried blood spots),MS/MS (NeoBase non-derivatized kit; Waters/AB Sciex),F,5 days to ≤6 days,87431,0.68,2.01,0.67–0.68,2.01–2.02,90%,
26,T2,C18:1,μM,China newborns (dried blood spots),MS/MS (NeoBase non-derivatized kit; Waters/AB Sciex),M,6 days to ≤7 days,59614,0.68,2.05,0.67–0.68,2.05–2.06,90%,
26,T2,C18:1,μM,China newborns (dried blood spots),MS/MS (NeoBase non-derivatized kit; Waters/AB Sciex),F,6 days to ≤7 days,53262,0.63,1.87,0.62–0.63,1.86–1.87,90%,
26,T2,C18:1,μM,China newborns (dried blood spots),MS/MS (NeoBase non-derivatized kit; Waters/AB Sciex),M,7 days to ≤8 days,33926,0.63,1.94,0.62–0.63,1.94–1.95,90%,
26,T2,C18:1,μM,China newborns (dried blood spots),MS/MS (NeoBase non-derivatized kit; Waters/AB Sciex),F,7 days to ≤8 days,29696,0.59,1.78,0.59–0.60,1.78–1.79,90%,
26,T2,C18:1,μM,China newborns (dried blood spots),MS/MS (NeoBase non-derivatized kit; Waters/AB Sciex),M,8 days to ≤9 days,25292,0.58,1.81,0.58–0.59,1.81–1.82,90%,
26,T2,C18:1,μM,China newborns (dried blood spots),MS/MS (NeoBase non-derivatized kit; Waters/AB Sciex),F,8 days to ≤9 days,21961,0.54,1.67,0.54–0.55,1.67–1.68,90%,
26,T2,C18:1,μM,China newborns (dried blood spots),MS/MS (NeoBase non-derivatized kit; Waters/AB Sciex),M,9 days to ≤10 days,19654,0.53,1.72,0.52–0.53,1.71–1.73,90%,
26,T2,C18:1,μM,China newborns (dried blood spots),MS/MS (NeoBase non-derivatized kit; Waters/AB Sciex),F,9 days to ≤10 days,16968,0.50,1.57,0.50–0.51,1.56–1.58,90%,
26,T2,C18:1,μM,China newborns (dried blood spots),MS/MS (NeoBase non-derivatized kit; Waters/AB Sciex),M,10 days to ≤11 days,14968,0.48,1.57,0.47–0.48,1.56–1.58,90%,
26,T2,C18:1,μM,China newborns (dried blood spots),MS/MS (NeoBase non-derivatized kit; Waters/AB Sciex),F,10 days to ≤11 days,12776,0.45,1.47,0.44–0.45,1.46–1.48,90%,
26,T2,C18:1,μM,China newborns (dried blood spots),MS/MS (NeoBase non-derivatized kit; Waters/AB Sciex),M,11 days to ≤12 days,13496,0.45,1.49,0.44–0.46,1.49–1.50,90%,
26,T2,C18:1,μM,China newborns (dried blood spots),MS/MS (NeoBase non-derivatized kit; Waters/AB Sciex),F,11 days to ≤12 days,11475,0.43,1.37,0.42–0.43,1.36–1.38,90%,
26,T2,C18:1,μM,China newborns (dried blood spots),MS/MS (NeoBase non-derivatized kit; Waters/AB Sciex),M,12 days to ≤13 days,11700,0.43,1.38,0.42–0.43,1.37–1.39,90%,
26,T2,C18:1,μM,China newborns (dried blood spots),MS/MS (NeoBase non-derivatized kit; Waters/AB Sciex),F,12 days to ≤13 days,10078,0.40,1.30,0.39–0.40,1.29–1.31,90%,
26,T2,C18:1,μM,China newborns (dried blood spots),MS/MS (NeoBase non-derivatized kit; Waters/AB Sciex),M,13 days to ≤14 days,10503,0.41,1.31,0.41–0.42,1.30–1.32,90%,
26,T2,C18:1,μM,China newborns (dried blood spots),MS/MS (NeoBase non-derivatized kit; Waters/AB Sciex),F,13 days to ≤14 days,8831,0.38,1.22,0.38–0.39,1.21–1.23,90%,
26,T2,C18:2,μM,China newborns (dried blood spots),MS/MS (NeoBase non-derivatized kit; Waters/AB Sciex),M,0 to ≤1 day,10352,0.07,0.36,0.07–0.07,0.36–0.36,90%,
26,T2,C18:2,μM,China newborns (dried blood spots),MS/MS (NeoBase non-derivatized kit; Waters/AB Sciex),F,0 to ≤1 day,9600,0.06,0.34,0.05–0.06,0.34–0.35,90%,
26,T2,C18:2,μM,China newborns (dried blood spots),MS/MS (NeoBase non-derivatized kit; Waters/AB Sciex),M,1 day to ≤2 days,116622,0.08,0.42,0.08–0.08,0.42–0.42,90%,
26,T2,C18:2,μM,China newborns (dried blood spots),MS/MS (NeoBase non-derivatized kit; Waters/AB Sciex),F,1 day to ≤2 days,105882,0.07,0.38,0.07–0.07,0.38–0.38,90%,
26,T2,C18:2,μM,China newborns (dried blood spots),MS/MS (NeoBase non-derivatized kit; Waters/AB Sciex),M,2 days to ≤3 days,1060123,0.08,0.43,0.08–0.08,0.43–0.43,90%,
26,T2,C18:2,μM,China newborns (dried blood spots),MS/MS (NeoBase non-derivatized kit; Waters/AB Sciex),F,2 days to ≤3 days,969624,0.07,0.40,0.07–0.07,0.40–0.40,90%,
26,T2,C18:2,μM,China newborns (dried blood spots),MS/MS (NeoBase non-derivatized kit; Waters/AB Sciex),M,3 days to ≤4 days,804682,0.09,0.49,0.09–0.09,0.48–0.49,90%,
26,T2,C18:2,μM,China newborns (dried blood spots),MS/MS (NeoBase non-derivatized kit; Waters/AB Sciex),F,3 days to ≤4 days,733626,0.08,0.44,0.08–0.08,0.44–0.44,90%,
26,T2,C18:2,μM,China newborns (dried blood spots),MS/MS (NeoBase non-derivatized kit; Waters/AB Sciex),M,4 days to ≤5 days,159056,0.12,0.59,0.12–0.12,0.58–0.59,90%,
26,T2,C18:2,μM,China newborns (dried blood spots),MS/MS (NeoBase non-derivatized kit; Waters/AB Sciex),F,4 days to ≤5 days,144427,0.10,0.52,0.10–0.10,0.52–0.52,90%,
26,T2,C18:2,μM,China newborns (dried blood spots),MS/MS (NeoBase non-derivatized kit; Waters/AB Sciex),M,5 days to ≤6 days,96614,0.13,0.62,0.12–0.13,0.61–0.62,90%,
26,T2,C18:2,μM,China newborns (dried blood spots),MS/MS (NeoBase non-derivatized kit; Waters/AB Sciex),F,5 days to ≤6 days,87776,0.12,0.55,0.12–0.12,0.54–0.55,90%,
26,T2,C18:2,μM,China newborns (dried blood spots),MS/MS (NeoBase non-derivatized kit; Waters/AB Sciex),M,6 days to ≤7 days,59706,0.14,0.59,0.14–0.14,0.59–0.59,90%,
26,T2,C18:2,μM,China newborns (dried blood spots),MS/MS (NeoBase non-derivatized kit; Waters/AB Sciex),F,6 days to ≤7 days,53516,0.12,0.54,0.12–0.12,0.54–0.54,90%,
26,T2,C18:2,μM,China newborns (dried blood spots),MS/MS (NeoBase non-derivatized kit; Waters/AB Sciex),M,7 days to ≤8 days,34021,0.14,0.57,0.13–0.14,0.57–0.57,90%,
26,T2,C18:2,μM,China newborns (dried blood spots),MS/MS (NeoBase non-derivatized kit; Waters/AB Sciex),F,7 days to ≤8 days,29899,0.12,0.52,0.12–0.12,0.52–0.52,90%,
26,T2,C18:2,μM,China newborns (dried blood spots),MS/MS (NeoBase non-derivatized kit; Waters/AB Sciex),M,8 days to ≤9 days,25492,0.13,0.55,0.13–0.13,0.55–0.56,90%,
26,T2,C18:2,μM,China newborns (dried blood spots),MS/MS (NeoBase non-derivatized kit; Waters/AB Sciex),F,8 days to ≤9 days,22309,0.12,0.50,0.12–0.13,0.50–0.50,90%,
26,T2,C18:2,μM,China newborns (dried blood spots),MS/MS (NeoBase non-derivatized kit; Waters/AB Sciex),M,9 days to ≤10 days,19955,0.12,0.53,0.11–0.12,0.52–0.53,90%,
26,T2,C18:2,μM,China newborns (dried blood spots),MS/MS (NeoBase non-derivatized kit; Waters/AB Sciex),F,9 days to ≤10 days,17440,0.11,0.48,0.11–0.11,0.47–0.48,90%,
26,T2,C18:2,μM,China newborns (dried blood spots),MS/MS (NeoBase non-derivatized kit; Waters/AB Sciex),M,10 days to ≤11 days,15427,0.12,0.50,0.12–0.12,0.50–0.50,90%,
26,T2,C18:2,μM,China newborns (dried blood spots),MS/MS (NeoBase non-derivatized kit; Waters/AB Sciex),F,10 days to ≤11 days,13408,0.11,0.47,0.11–0.11,0.47–0.48,90%,
26,T2,C18:2,μM,China newborns (dried blood spots),MS/MS (NeoBase non-derivatized kit; Waters/AB Sciex),M,11 days to ≤12 days,14181,0.12,0.48,0.12–0.13,0.47–0.48,90%,
26,T2,C18:2,μM,China newborns (dried blood spots),MS/MS (NeoBase non-derivatized kit; Waters/AB Sciex),F,11 days to ≤12 days,12341,0.11,0.46,0.11–0.12,0.46–0.47,90%,
26,T2,C18:2,μM,China newborns (dried blood spots),MS/MS (NeoBase non-derivatized kit; Waters/AB Sciex),M,12 days to ≤13 days,12559,0.11,0.48,0.10–0.11,0.48–0.49,90%,
26,T2,C18:2,μM,China newborns (dried blood spots),MS/MS (NeoBase non-derivatized kit; Waters/AB Sciex),F,12 days to ≤13 days,11185,0.10,0.43,0.09–0.10,0.43–0.44,90%,
26,T2,C18:2,μM,China newborns (dried blood spots),MS/MS (NeoBase non-derivatized kit; Waters/AB Sciex),M,13 days to ≤14 days,11542,0.11,0.46,0.10–0.11,0.46–0.46,90%,
26,T2,C18:2,μM,China newborns (dried blood spots),MS/MS (NeoBase non-derivatized kit; Waters/AB Sciex),F,13 days to ≤14 days,10155,0.10,0.44,0.09–0.10,0.44–0.45,90%,
